"DIST_ROAD","s(DIST_ROAD)"
0,-2.27922462665022
100,-2.2716217557888
200,-2.26401905031802
300,-2.25641667562849
400,-2.24881479711084
500,-2.24121358015572
600,-2.23361319015375
700,-2.22601379249555
800,-2.21841555257176
900,-2.210818635773
1000,-2.20322320748991
1100,-2.19562943311311
1200,-2.18803747803324
1300,-2.18044750764093
1400,-2.17285968732679
1500,-2.16527418248147
1600,-2.15769115849559
1700,-2.15011078075979
1800,-2.14253321466469
1900,-2.13495862560091
2000,-2.1273871789591
2100,-2.11981904012988
2200,-2.11225437450387
2300,-2.10469334747172
2400,-2.09713612442404
2500,-2.08958287075148
2600,-2.08203375184465
2700,-2.07448893309418
2800,-2.06694857989072
2900,-2.05941285762488
3000,-2.05188193168729
3100,-2.04435596746859
3200,-2.03683513035941
3300,-2.02931958575036
3400,-2.0218094990321
3500,-2.01430503559523
3600,-2.0068063608304
3700,-1.99931364012823
3800,-1.99182703887935
3900,-1.98434672247439
4000,-1.97687285630399
4100,-1.96940560575876
4200,-1.96194513622934
4300,-1.95449161310636
4400,-1.94704520178046
4500,-1.93960606764224
4600,-1.93217437608236
4700,-1.92475029249143
4800,-1.91733398226009
4900,-1.90992561077897
5000,-1.90252534343869
5100,-1.89513334562989
5200,-1.88774978274319
5300,-1.88037482016922
5400,-1.87300862329862
5500,-1.86565135752201
5600,-1.85830318823003
5700,-1.85096428081329
5800,-1.84363480066244
5900,-1.8363149131681
6000,-1.8290047837209
6100,-1.82170457771147
6200,-1.81441446053044
6300,-1.80713459756843
6400,-1.79986515421609
6500,-1.79260629586404
6600,-1.7853581879029
6700,-1.77812099572331
6800,-1.77089488471589
6900,-1.76368002027129
7000,-1.75647656778012
7100,-1.74928469263301
7200,-1.7421045602206
7300,-1.73493633593351
7400,-1.72778018516237
7500,-1.72063627329782
7600,-1.71350476573048
7700,-1.70638582785098
7800,-1.69927962504996
7900,-1.69218632271804
8000,-1.68510608624584
8100,-1.67803908102401
8200,-1.67098547244316
8300,-1.66394542589394
8400,-1.65691910676696
8500,-1.64990668045286
8600,-1.64290831234228
8700,-1.63592416782582
8800,-1.62895441229414
8900,-1.62199921113784
9000,-1.61505872974758
9100,-1.60813313351397
9200,-1.60122258782764
9300,-1.59432725807923
9400,-1.58744730965937
9500,-1.58058290795867
9600,-1.57373421836778
9700,-1.56690140627732
9800,-1.56008463707792
9900,-1.55328407616022
10000,-1.54649988891483
10100,-1.53973224073239
10200,-1.53298129700354
10300,-1.52624722311889
10400,-1.51953018446908
10500,-1.51283034644474
10600,-1.5061478744365
10700,-1.49948293383498
10800,-1.49283569003082
10900,-1.48620630841465
11000,-1.47959495437709
11100,-1.47300179330878
11200,-1.46642699060034
11300,-1.45987071164241
11400,-1.45333312182561
11500,-1.44681438654058
11600,-1.44031467117793
11700,-1.43383414112831
11800,-1.42737296178234
11900,-1.42093129853065
12000,-1.41450931676387
12100,-1.40810718187264
12200,-1.40172505924757
12300,-1.3953631142793
12400,-1.38902151235846
12500,-1.38270041887568
12600,-1.37639999922158
12700,-1.3701204187868
12800,-1.36386184296197
12900,-1.35762443713772
13000,-1.35140836670467
13100,-1.34521379705346
13200,-1.33904089357471
13300,-1.33288982165905
13400,-1.32676074669712
13500,-1.32065383407954
13600,-1.31456924919695
13700,-1.30850715743996
13800,-1.30246772419922
13900,-1.29645111486535
14000,-1.29045749482898
14100,-1.28448702948074
14200,-1.27853988421127
14300,-1.27261622441117
14400,-1.2667162154711
14500,-1.26084002278168
14600,-1.25498781173353
14700,-1.2491597477173
14800,-1.24335599612359
14900,-1.23757672234306
15000,-1.23182209176632
15100,-1.226092269784
15200,-1.22038742178674
15300,-1.21470771316517
15400,-1.2090533093099
15500,-1.20342437561159
15600,-1.19782107746084
15700,-1.1922435802483
15800,-1.18669204936458
15900,-1.18116665020033
16000,-1.17566754814617
16100,-1.17019490859273
16200,-1.16474889693064
16300,-1.15932967855053
16400,-1.15393741884303
16500,-1.14857228319876
16600,-1.14323443700837
16700,-1.13792404566247
16800,-1.1326412745517
16900,-1.12738628906668
17000,-1.12215925459805
17100,-1.11696033653643
17200,-1.11178970027246
17300,-1.10664751119677
17400,-1.10153393469997
17500,-1.09644913617271
17600,-1.09139328100562
17700,-1.08636653458931
17800,-1.08136906231443
17900,-1.0764010295716
18000,-1.07146260175145
18100,-1.06655394424461
18200,-1.06167522244171
18300,-1.05682660173338
18400,-1.05200824751024
18500,-1.04722032516294
18600,-1.04246300008209
18700,-1.03773643765833
18800,-1.03304080328229
18900,-1.02837626234459
19000,-1.02374298023587
19100,-1.01914112234676
19200,-1.01457085406788
19300,-1.01003234078986
19400,-1.00552574790334
19500,-1.00105124079894
19600,-0.996608984867294
19700,-0.99219914549903
19800,-0.987821888084777
19900,-0.983477378015166
20000,-0.979165780680825
20100,-0.974887261472385
20200,-0.970641985780475
20300,-0.966430118995724
20400,-0.962251826508762
20500,-0.958107273710218
20600,-0.953996625990722
20700,-0.949920048740903
20800,-0.945877704226003
20900,-0.941869613242677
21000,-0.937895600347625
21100,-0.933955475648793
21200,-0.93004904925413
21300,-0.926176131271581
21400,-0.922336531809093
21500,-0.918530060974613
21600,-0.914756528876086
21700,-0.91101574562146
21800,-0.907307521318681
21900,-0.903631666075696
22000,-0.89998799000045
22100,-0.896376303200892
22200,-0.892796415784967
22300,-0.889248137860621
22400,-0.885731279535802
22500,-0.882245650918456
22600,-0.878791062116529
22700,-0.875367323237968
22800,-0.871974244390719
22900,-0.86861163568273
23000,-0.865279307221946
23100,-0.861977069116315
23200,-0.858704731473782
23300,-0.855462104402294
23400,-0.852248998009799
23500,-0.849065222404241
23600,-0.845910587693569
23700,-0.842784903985727
23800,-0.839687981388664
23900,-0.836619630010326
24000,-0.833579659958658
24100,-0.830567881341608
24200,-0.827584104267122
24300,-0.824628138843147
24400,-0.821699795177629
24500,-0.818798883378515
24600,-0.815925213553751
24700,-0.813078595811284
24800,-0.81025884025906
24900,-0.807465757005027
25000,-0.80469915615713
25100,-0.801958847823315
25200,-0.799244642111531
25300,-0.796556349129723
25400,-0.793893778985837
25500,-0.791256741787821
25600,-0.78864504764362
25700,-0.786058506661182
25800,-0.783496928948452
25900,-0.780960124613378
26000,-0.778447903763906
26100,-0.775960076507983
26200,-0.773496452953555
26300,-0.771056843208568
26400,-0.768641057380969
26500,-0.766248905578705
26600,-0.763880197909722
26700,-0.761534744481967
26800,-0.759212355403386
26900,-0.756912840781927
27000,-0.754636010725534
27100,-0.752381675342155
27200,-0.750149644739737
27300,-0.747939729026226
27400,-0.745751738309569
27500,-0.743585482697712
27600,-0.741440772298601
27700,-0.739317417220184
27800,-0.737215227570406
27900,-0.735134013457215
28000,-0.733073584988556
28100,-0.731033752272377
28200,-0.729014325416624
28300,-0.727015114529244
28400,-0.725035929718182
28500,-0.723076581091386
28600,-0.721136878756802
28700,-0.719216632822377
28800,-0.717315653396057
28900,-0.715433750585789
29000,-0.713570734499519
29100,-0.711726415245194
29200,-0.709900602930761
29300,-0.708093107664165
29400,-0.706303739553354
29500,-0.704532308706273
29600,-0.702778625230871
29700,-0.701042499235093
29800,-0.699323740826885
29900,-0.697622160114194
30000,-0.695937567204968
30100,-0.694269772207151
30200,-0.692618585228692
30300,-0.690983816377535
30400,-0.689365275761629
30500,-0.687762773488919
30600,-0.686176119667352
30700,-0.684605124404875
30800,-0.683049597809434
30900,-0.681509349988975
31000,-0.679984191051447
31100,-0.678473931104793
31200,-0.676978380256962
31300,-0.675497348615899
31400,-0.674030646289553
31500,-0.672578083385868
31600,-0.671139470012791
31700,-0.669714616278269
31800,-0.66830333229025
31900,-0.666905428156678
32000,-0.665520713985501
32100,-0.664148999884665
32200,-0.662790095962117
32300,-0.661443812325803
32400,-0.66010995908367
32500,-0.658788346343664
32600,-0.657478784213732
32700,-0.656181082801821
32800,-0.654895052215877
32900,-0.653620502563846
33000,-0.652357243953676
33100,-0.651105086493312
33200,-0.649863840290701
33300,-0.64863331545379
33400,-0.647413322090525
33500,-0.646203670308854
33600,-0.645004170216721
33700,-0.643814631922074
33800,-0.64263486553286
33900,-0.641464681157025
34000,-0.640303888902516
34100,-0.639152298877279
34200,-0.63800972118926
34300,-0.636875965946406
34400,-0.635750843256665
34500,-0.634634163227981
34600,-0.633525735968303
34700,-0.632425371585575
34800,-0.631332880187745
34900,-0.630248071882761
35000,-0.629170756778567
35100,-0.62810074498311
35200,-0.627037846604338
35300,-0.625981871750197
35400,-0.624932630528632
35500,-0.623889933047591
35600,-0.622853589415021
35700,-0.621823409738868
35800,-0.620799204127077
35900,-0.619780782687597
36000,-0.618767955528373
36100,-0.617760532757353
36200,-0.616758324482481
36300,-0.615761140811706
36400,-0.614768791852974
36500,-0.61378108771423
36600,-0.612797838503423
36700,-0.611818854328497
36800,-0.610843945297401
36900,-0.60987292151808
37000,-0.608905593098481
37100,-0.60794177014655
37200,-0.606981262770234
37300,-0.60602388107748
37400,-0.605069435176234
37500,-0.604117735174442
37600,-0.603168591180052
37700,-0.602221813301009
37800,-0.601277211645261
37900,-0.600334596320754
38000,-0.599393777435433
38100,-0.598454565097247
38200,-0.597516769414141
38300,-0.596580200494062
38400,-0.595644668444957
38500,-0.594709983374772
38600,-0.593775953360825
38700,-0.592842285254587
38800,-0.591908539834474
38900,-0.590974266498911
39000,-0.590039014646324
39100,-0.589102333675138
39200,-0.588163772983778
39300,-0.587222881970671
39400,-0.586279210034242
39500,-0.585332306572916
39600,-0.584381720985119
39700,-0.583427002669275
39800,-0.582467701023812
39900,-0.581503365447153
40000,-0.580533545337725
40100,-0.579557790093953
40200,-0.578575649114263
40300,-0.577586671797079
40400,-0.576590407540828
40500,-0.575586405743935
40600,-0.574574215804826
40700,-0.573553387121925
40800,-0.572523469093658
40900,-0.571484011118451
41000,-0.57043456259473
41100,-0.56937467292092
41200,-0.568303891495445
41300,-0.567221767716733
41400,-0.566127850983208
41500,-0.565021690693295
41600,-0.563902836245421
41700,-0.56277083703801
41800,-0.561625242469488
41900,-0.560465601938281
42000,-0.559291464842814
42100,-0.558102380581513
42200,-0.556897898552802
42300,-0.555677568155108
42400,-0.554440938786856
42500,-0.553187559846471
42600,-0.55191698073238
42700,-0.550628750843006
42800,-0.549322419576777
42900,-0.547997536332117
43000,-0.546653650507452
43100,-0.545290311501207
43200,-0.543907068711807
43300,-0.542503471537679
43400,-0.541079069377248
43500,-0.539633411628939
43600,-0.538166047691178
43700,-0.53667652696239
43800,-0.535164398841
43900,-0.533629212725435
44000,-0.532070518014119
44100,-0.530487864105478
44200,-0.528880800397937
44300,-0.527248876289923
44400,-0.52559164117986
44500,-0.523908644466174
44600,-0.522199435547291
44700,-0.520463563821635
44800,-0.518700578687633
44900,-0.516910029543709
45000,-0.51509146578829
45100,-0.513244436819801
45200,-0.511368492036667
45300,-0.509463180837314
45400,-0.507528052620167
45500,-0.505562656783652
45600,-0.503566542726193
45700,-0.501539259846218
45800,-0.499480357542151
45900,-0.497389385212417
46000,-0.495265892255442
46100,-0.493109428069652
46200,-0.490919542053472
46300,-0.488695783605327
46400,-0.486437702123644
46500,-0.484144847006847
46600,-0.481816767653362
46700,-0.479453013461613
46800,-0.477053133830028
46900,-0.474616678157032
47000,-0.472143195841049
47100,-0.469632236280506
47200,-0.467083348873827
47300,-0.464496083019439
47400,-0.461869988115766
47500,-0.459204613561234
47600,-0.45649950875427
47700,-0.453754223093297
47800,-0.450968305976742
47900,-0.44814130680303
48000,-0.445272774970587
48100,-0.442362259877838
48200,-0.439409310923208
48300,-0.436413477505123
48400,-0.433374309022009
48500,-0.430291354872291
48600,-0.427164164454394
48700,-0.423992287166744
48800,-0.420775272407766
48900,-0.417512669575887
49000,-0.41420402806953
49100,-0.410848897287123
49200,-0.40744682662709
49300,-0.403997487628387
49400,-0.400501265857931
49500,-0.39695880559234
49600,-0.393370751467758
49700,-0.389737748120331
49800,-0.386060440186204
49900,-0.382339472301521
50000,-0.378575489102428
50100,-0.37476913522507
50200,-0.370921055305591
50300,-0.367031893980138
50400,-0.363102295884854
50500,-0.359132905655885
50600,-0.355124367929376
50700,-0.351077327341472
50800,-0.346992428528318
50900,-0.342870316126058
51000,-0.338711634770839
51100,-0.334517029098805
51200,-0.3302871437461
51300,-0.326022623348871
51400,-0.321724112543262
51500,-0.317392255965418
51600,-0.313027698251484
51700,-0.308631084037605
51800,-0.304203057959926
51900,-0.299744264654593
52000,-0.29525534875775
52100,-0.290736954905542
52200,-0.286189727734114
52300,-0.281614311879612
52400,-0.27701135197818
52500,-0.272381492665963
52600,-0.267725378579106
52700,-0.263043654353756
52800,-0.258336964626055
52900,-0.25360595403215
53000,-0.248851267208185
53100,-0.244073548790306
53200,-0.239273443414657
53300,-0.234451595717384
53400,-0.229608650334631
53500,-0.224745251902544
53600,-0.219862045057268
53700,-0.214959674434947
53800,-0.210038784671727
53900,-0.205100020403753
54000,-0.20014402626717
54100,-0.195171446898121
54200,-0.190182926932754
54300,-0.185179111007213
54400,-0.180160643757642
54500,-0.175128169820188
54600,-0.170082333830994
54700,-0.165023780426206
54800,-0.159953154241969
54900,-0.154871099914428
55000,-0.149778262079727
55100,-0.144675285374013
55200,-0.13956281443343
55300,-0.134441493894123
55400,-0.129311968392237
55500,-0.124174882563917
55600,-0.119030881045308
55700,-0.113880608472555
55800,-0.108724709481804
55900,-0.103563828709198
56000,-0.0983986107908838
56100,-0.0932297003630057
56200,-0.0880577420617091
56300,-0.0828833805231385
56400,-0.0777072603834394
56500,-0.0725300262787568
56600,-0.067352322845235
56700,-0.0621747947190202
56800,-0.0569980865362564
56900,-0.0518228429330891
57000,-0.0466497085456633
57100,-0.0414793280101239
57200,-0.036312345962616
57300,-0.0311494070392848
57400,-0.0259911558762749
57500,-0.0208382371097319
57600,-0.0156912953758003
57700,-0.0105509753106252
57800,-0.00541792155035196
57900,-0.000292778731125291
58000,0.00482382617665169
58100,0.00993161917463722
58200,0.0150306519238534
58300,0.020120988277415
58400,0.0252026920884371
58500,0.0302758272100337
58600,0.03534045749532
58700,0.0403966467974106
58800,0.0454444589694203
58900,0.050483957864464
59000,0.0555152073356563
59100,0.0605382712361115
59200,0.0655532134189449
59300,0.0705600977372712
59400,0.075558988044205
59500,0.0805499481928612
59600,0.0855330420363542
59700,0.090508333427799
59800,0.0954758862203103
59900,0.100435764267003
60000,0.105388031420991
60100,0.110332751535391
60200,0.115269988463315
60300,0.12019980605788
60400,0.1251222681722
60500,0.13003743865939
60600,0.134945381372563
60700,0.139846160164837
60800,0.144739838889324
60900,0.149626481399139
61000,0.154506151547398
61100,0.159378913187215
61200,0.164244830171705
61300,0.169103966353983
61400,0.173956385587163
61500,0.17880215172436
61600,0.183641328618688
61700,0.188473980123264
61800,0.193300170091201
61900,0.198119962375613
62000,0.202933420829617
62100,0.207740609306326
62200,0.212541591658855
62300,0.217336431740319
62400,0.222125193403833
62500,0.226907940502511
62600,0.231684736889469
62700,0.236455646417821
62800,0.241220732940681
62900,0.245980060311165
63000,0.250733692382387
63100,0.255481693007462
63200,0.260224126039504
63300,0.264961055331629
63400,0.269692544736951
63500,0.274418658108585
63600,0.279139459299646
63700,0.283855012163248
63800,0.288565380552506
63900,0.293270628320535
64000,0.297970819320449
64100,0.302666017405364
64200,0.307356286428394
64300,0.312041690242654
64400,0.316722292701258
64500,0.321398157657322
64600,0.326069348963959
64700,0.330735930474286
64800,0.335397966041415
64900,0.340055519518464
65000,0.344708654758545
65100,0.349357435614773
65200,0.354001925940265
65300,0.358642189588133
65400,0.363278290411493
65500,0.367910292263461
65600,0.372538258997149
65700,0.377162254465674
65800,0.38178234252215
65900,0.386398587019691
66000,0.391011051811413
66100,0.395619800750429
66200,0.400224897689856
66300,0.404826406482807
66400,0.409424390982398
66500,0.414018915041743
66600,0.418610042513956
66700,0.423197837252153
66800,0.427782363109449
66900,0.432363683938957
67000,0.436941863593794
67100,0.441516965927073
67200,0.446089054791909
67300,0.450658194041417
67400,0.455224447528712
67500,0.459787879106908
67600,0.464348552629121
67700,0.468906531948464
67800,0.473461880918054
67900,0.478014544610715
68000,0.482563878424359
68100,0.487109055113263
68200,0.491649247376761
68300,0.496183627914183
68400,0.500711369424862
68500,0.50523164460813
68600,0.509743626163319
68700,0.51424648678976
68800,0.518739399186787
68900,0.523221536053731
69000,0.527692070089923
69100,0.532150173994696
69200,0.536595020467381
69300,0.541025782207312
69400,0.545441631913819
69500,0.549841742286236
69600,0.554225286023893
69700,0.558591435826123
69800,0.562939364392257
69900,0.567268244421629
70000,0.571577248613569
70100,0.57586554966741
70200,0.580132320282484
70300,0.584376733158122
70400,0.588597960993658
70500,0.592795176488422
70600,0.596967552341747
70700,0.601114261252965
70800,0.605234475921407
70900,0.609327369046407
71000,0.613392113327294
71100,0.617427881463404
71200,0.621433846154065
71300,0.625409180098611
71400,0.629353055996374
71500,0.633264646546686
71600,0.637143124448879
71700,0.640987662402284
71800,0.644797433106234
71900,0.648571609260061
72000,0.652309363563096
72100,0.656009868714672
72200,0.659672297414121
72300,0.663295822360775
72400,0.666879616253966
72500,0.670422851793025
72600,0.673924701677285
72700,0.677384338606077
72800,0.680800935278735
72900,0.684173664394589
73000,0.687501698652971
73100,0.690784210753215
73200,0.694020373394651
73300,0.697209359276612
73400,0.700350341098429
73500,0.703442491559436
73600,0.706484983358962
73700,0.709476989196342
73800,0.712417681770906
73900,0.715306233781987
74000,0.718141817928917
74100,0.720923606911027
74200,0.72365077342765
74300,0.726322490178118
74400,0.728937929861762
74500,0.731496265177915
74600,0.733996668825908
74700,0.736438313505075
74800,0.738820371914746
74900,0.741142016754253
75000,0.743402420722929
75100,0.745600756520106
75200,0.747736196845115
75300,0.749807914397289
75400,0.75181508187596
75500,0.75375687198046
75600,0.755632457410119
75700,0.757441010864272
75800,0.759181705042249
75900,0.760853712643383
76000,0.762456206367006
76100,0.763988358912449
76200,0.765449342979045
76300,0.766838331266125
76400,0.768154496473022
76500,0.769397011299067
76600,0.770565048443594
76700,0.771657780605932
76800,0.772674380485416
76900,0.773614020781375
77000,0.774475874193144
77100,0.775259113420053
77200,0.775962911161434
77300,0.77658644011662
77400,0.777128891348372
77500,0.77759025190781
77600,0.777971593043865
77700,0.778274063741729
77800,0.778498812986595
77900,0.778646989763654
78000,0.7787197430581
78100,0.778718221855126
78200,0.778643575139923
78300,0.778496951897683
78400,0.778279501113599
78500,0.777992371772864
78600,0.777636712860671
78700,0.777213673362212
78800,0.776724402262678
78900,0.776170048547263
79000,0.775551761201159
79100,0.774870689209559
79200,0.774127981557654
79300,0.773324787230638
79400,0.772462255213703
79500,0.771541534492041
79600,0.770563774050845
79700,0.769530122875307
79800,0.76844172995062
79900,0.767299744261976
80000,0.766105314794567
80100,0.764859590533587
80200,0.763563720464227
80300,0.76221885357168
80400,0.760826138841138
80500,0.759386725257794
80600,0.757901761806842
80700,0.756372397473471
80800,0.754799781242875
80900,0.753185062100248
81000,0.75152938903078
81100,0.749833911019665
81200,0.748099777052095
81300,0.746328136113263
81400,0.74452013718836
81500,0.742676929262581
81600,0.740799661321116
81700,0.738889482349158
81800,0.7369475413319
81900,0.734974987254534
82000,0.732972969102253
82100,0.73094263586025
82200,0.728885136513715
82300,0.726801620047843
82400,0.724693235447825
82500,0.722561131698855
82600,0.720406457786123
82700,0.718230362694824
82800,0.716033995410149
82900,0.713818504917291
83000,0.711585040201442
83100,0.709334750247795
83200,0.707068784041542
83300,0.704788290567875
83400,0.702494418811988
83500,0.700188317759072
83600,0.697871136394321
83700,0.695544023702925
83800,0.693208128670079
83900,0.690864600280974
84000,0.688514587520802
84100,0.686159239374757
84200,0.683799704828031
84300,0.681437132865816
84400,0.679072672473304
84500,0.676707472635689
84600,0.674342682338162
84700,0.671979450565916
84800,0.669618926304144
84900,0.667262258538037
85000,0.664910596252789
85100,0.662565088433592
85200,0.660226884065638
85300,0.65789713213412
85400,0.65557698162423
85500,0.65326758152116
85600,0.650970080810104
85700,0.648685628476253
85800,0.6464153735048
85900,0.644160464880938
86000,0.641922051589859
86100,0.639701282616755
86200,0.637499306946819
86300,0.635317273565242
86400,0.633156331457219
86500,0.631017629607941
86600,0.628902317002601
86700,0.626811542626391
86800,0.624746455464503
86900,0.622708204502131
87000,0.620697938724466
87100,0.6187168071167
87200,0.616765958664028
87300,0.61484654235164
87400,0.612959707164729
87500,0.611106602088488
87600,0.60928837610811
87700,0.607506178208785
87800,0.605761157375709
87900,0.604054459548365
88000,0.602386800264882
88100,0.600758023624672
88200,0.599167868459992
88300,0.5976160736031
88400,0.596102377886252
88500,0.594626520141705
88600,0.593188239201716
88700,0.591787273898542
88800,0.59042336306444
88900,0.589096245531667
89000,0.58780566013248
89100,0.586551345699136
89200,0.585333041063892
89300,0.584150485059004
89400,0.58300341651673
89500,0.581891574269327
89600,0.580814697149051
89700,0.57977252398816
89800,0.578764793618911
89900,0.577791244873559
90000,0.576851616584364
90100,0.57594564758358
90200,0.575073076703466
90300,0.574233642776278
90400,0.573427084634274
90500,0.572653141109709
90600,0.571911551034842
90700,0.571202053241929
90800,0.570524386563226
90900,0.569878289830992
91000,0.569263501877483
91100,0.568679761534955
91200,0.568126807635666
91300,0.567604379011873
91400,0.567112214495833
91500,0.566650052919803
91600,0.566217633116038
91700,0.565814693916798
91800,0.565440974154338
91900,0.565096212660915
92000,0.564780148268788
92100,0.564492519810211
92200,0.564233066117443
92300,0.564001526022739
92400,0.563797638358359
92500,0.563621141956557
92600,0.563471775649591
92700,0.563349278269719
92800,0.563253388649196
92900,0.563183845620281
93000,0.563140388015229
93100,0.563122754666299
93200,0.563130684405745
93300,0.563163916065827
93400,0.563222188478801
93500,0.563305240476923
93600,0.563412810892451
93700,0.563544638557642
93800,0.563700462304752
93900,0.563880020966038
94000,0.564083053373758
94100,0.564309298360168
94200,0.564558494757526
94300,0.564830381398088
94400,0.565124697114111
94500,0.565441180737852
94600,0.565779571101569
94700,0.566139607037517
94800,0.566521027377955
94900,0.566923570955138
95000,0.567346976601324
95100,0.567790983148771
95200,0.568255329429734
95300,0.568739754276471
95400,0.569243996521238
95500,0.569767794996294
95600,0.570310888533894
95700,0.570873015966296
95800,0.571453916125756
95900,0.572053327844531
96000,0.572670989954879
96100,0.573306641289057
96200,0.573960020679321
96300,0.574630866957928
96400,0.575318918957135
96500,0.5760239155092
96600,0.576745595446378
96700,0.577483697600928
96800,0.578237960805106
96900,0.579008123891168
97000,0.579793925691373
97100,0.580595105037977
97200,0.581411400763236
97300,0.582242551699408
97400,0.58308829667875
97500,0.583948374533519
97600,0.584822524095971
97700,0.585710484198364
97800,0.586611993672955
97900,0.587526791352
98000,0.588454616067756
98100,0.589395206652481
98200,0.590348301938431
98300,0.591313640757864
98400,0.592290961943036
98500,0.593280004326203
98600,0.594280506739625
98700,0.595292208015556
98800,0.596314846986254
98900,0.597348162483976
99000,0.598391893340979
99100,0.599445778389521
99200,0.600509556461856
99300,0.601582966390244
99400,0.602665747006941
99500,0.603757637144203
99600,0.604858375634288
99700,0.605967701309452
99800,0.607085353001953
99900,0.608211069544048
1e+05,0.609344589767993
100100,0.610485652506045
100200,0.611633996590463
100300,0.612789360853501
100400,0.613951484127417
100500,0.615120105244468
100600,0.616294963036913
100700,0.617475796337005
100800,0.618662343977004
100900,0.619854344789166
101000,0.621051537605747
101100,0.622253661259007
101200,0.623460454581199
101300,0.624671656404583
101400,0.625887005561414
101500,0.62710624088395
101600,0.628329101204448
101700,0.629555325355164
101800,0.630784652168356
101900,0.632016820476281
102000,0.633251569111194
102100,0.634488636905355
102200,0.635727762691019
102300,0.636968685300442
102400,0.638211143565884
102500,0.639454876319599
102600,0.640699622393846
102700,0.641945120620881
102800,0.64319110983296
102900,0.644437328862342
103000,0.645683516541283
103100,0.64692941170204
103200,0.64817475317687
103300,0.649419279798029
103400,0.650662730397776
103500,0.651904843808365
103600,0.653145358862056
103700,0.654384014391105
103800,0.655620549227768
103900,0.656854702204302
104000,0.658086212152965
104100,0.65931483315291
104200,0.660540475292846
104300,0.661763140068522
104400,0.662982830132916
104500,0.664199548139006
104600,0.665413296739765
104700,0.666624078588174
104800,0.667831896337206
104900,0.66903675263984
105000,0.670238650149052
105100,0.671437591517819
105200,0.672633579399118
105300,0.673826616445925
105400,0.675016705311216
105500,0.67620384864797
105600,0.677388049109162
105700,0.678569309347769
105800,0.679747632016769
105900,0.680923019769136
106000,0.682095475257849
106100,0.683265001135885
106200,0.684431600056219
106300,0.685595274671829
106400,0.686756027635691
106500,0.687913861600781
106600,0.689068779220078
106700,0.690220783146557
106800,0.691369876033196
106900,0.692516060532969
107000,0.693659339298857
107100,0.694799714983833
107200,0.695937190240875
107300,0.69707176772296
107400,0.698203450083065
107500,0.699332239974166
107600,0.700458140049239
107700,0.701581152961263
107800,0.702701281363213
107900,0.703818527908067
108000,0.7049328952488
108100,0.70604438603839
108200,0.707153002929812
108300,0.708258748576046
108400,0.709361625630065
108500,0.710461636744849
108600,0.711558784573372
108700,0.712653071768613
108800,0.713744500983548
108900,0.714833074871153
109000,0.715918796084404
109100,0.71700166727628
109200,0.718081691099756
109300,0.71915887020781
109400,0.720233207253418
109500,0.721304704889557
109600,0.722373365769202
109700,0.723439192545333
109800,0.724502187870924
109900,0.725562354398953
110000,0.726619694782396
110100,0.727674211674231
110200,0.728725907727433
110300,0.72977478559498
110400,0.730820847929849
110500,0.731864097385015
110600,0.732904536613456
110700,0.733942168268148
110800,0.734976995002069
110900,0.736009019468195
111000,0.737038244319502
111100,0.738064672208967
111200,0.739088305789569
111300,0.740109147714282
111400,0.741127200636082
111500,0.742142467207949
111600,0.743154950082858
111700,0.744164651913785
111800,0.745171575353708
111900,0.746175723055603
112000,0.747177097672447
112100,0.748175701857217
112200,0.749171538262888
112300,0.750164609542439
112400,0.751154918348846
112500,0.752142467335085
112600,0.753127259154134
112700,0.754109296458969
112800,0.755088581902567
112900,0.756065118137904
113000,0.757038907817956
113100,0.758009953595703
113200,0.758978258124118
113300,0.759943824056181
113400,0.760906654044866
113500,0.76186675074315
113600,0.762824116804012
113700,0.763778754880426
113800,0.764730667625371
113900,0.765679857691822
114000,0.766626327732757
114100,0.767570080401152
114200,0.768511118349984
114300,0.769449444232229
114400,0.770385060700866
114500,0.771317970408869
114600,0.772248176009215
114700,0.773175680154883
114800,0.774100485498848
114900,0.775022594694086
115000,0.775942010393575
115100,0.776858735250292
115200,0.777772771917212
115300,0.778684123047314
115400,0.779592791293573
115500,0.780498779308968
115600,0.781402089746472
115700,0.782302725259064
115800,0.783200688499722
115900,0.78409598212142
116000,0.784988608777135
116100,0.785878571119847
116200,0.786765871802529
116300,0.787650513478159
116400,0.788532498799715
116500,0.789411830420171
116600,0.790288510992506
116700,0.791162543169696
116800,0.792033929604719
116900,0.792902672950549
117000,0.793768775860165
117100,0.794632240986543
117200,0.795493070982658
117300,0.796351268501491
117400,0.797206836196014
117500,0.798059776719207
117600,0.798910092724045
117700,0.799757786863505
117800,0.800602861790566
117900,0.801445320158201
118000,0.802285164619388
118100,0.803122397827105
118200,0.803957022434329
118300,0.804789041094035
118400,0.805618456459199
118500,0.8064452711828
118600,0.807269487917815
118700,0.808091109317217
118800,0.808910138033987
118900,0.8097265767211
119000,0.810540428031532
119100,0.811351694618261
119200,0.812160379134264
119300,0.812966484232515
119400,0.813770012565994
119500,0.814570966787677
119600,0.815369349550539
119700,0.816165163507557
119800,0.81695841131171
119900,0.817749095615973
120000,0.818537219073323
120100,0.819322784336736
120200,0.82010579405919
120300,0.820886250893662
120400,0.821664157493126
120500,0.822439516510563
120600,0.823212330598946
120700,0.823982602411253
120800,0.82475033460046
120900,0.825515529819545
121000,0.826278190721485
121100,0.827038319959256
121200,0.827795920185835
121300,0.828550994054197
121400,0.829303544217321
121500,0.830053573328182
121600,0.830801084039759
121700,0.831546079005028
121800,0.832288560876962
121900,0.833028532308544
122000,0.833765995952745
122100,0.834500954462546
122200,0.835233410490921
122300,0.835963366690848
122400,0.836690825715305
122500,0.837415790217265
122600,0.838138262849707
122700,0.838858246265607
122800,0.839575743117944
122900,0.840290756059693
123000,0.84100328774383
123100,0.841713340823333
123200,0.842420917951177
123300,0.843126021780341
123400,0.843828654963801
123500,0.844528820154533
123600,0.845226520005514
123700,0.845921757169721
123800,0.846614534300131
123900,0.84730485404972
124000,0.847992719071464
124100,0.848678132018342
124200,0.849361095543329
124300,0.850041612299403
124400,0.850719684939539
124500,0.851395316116715
124600,0.852068508483906
124700,0.852739264694092
124800,0.853407587400247
124900,0.854073479255349
125000,0.854736942912374
125100,0.855397981024299
125200,0.856056596244101
125300,0.856712791224756
125400,0.857366568619242
125500,0.858017931080534
125600,0.85866688126161
125700,0.859313421815447
125800,0.859957555395021
125900,0.860599284653308
126000,0.861238612243286
126100,0.861875540817931
126200,0.86251007303022
126300,0.86314221153313
126400,0.863771958979638
126500,0.864399318022718
126600,0.865024291315351
126700,0.865646881510512
126800,0.866267091261176
126900,0.866884923220321
127000,0.867500380040925
127100,0.868113464375963
127200,0.868724178878411
127300,0.869332526201249
127400,0.86993850899745
127500,0.870542129919994
127600,0.871143391621855
127700,0.871742296756011
127800,0.87233884797544
127900,0.872933047933115
128000,0.873524899282016
128100,0.874114404675119
128200,0.8747015667654
128300,0.875286388205837
128400,0.875868871649407
128500,0.876449019749085
128600,0.877026835157847
128700,0.877602320528672
128800,0.878175478514537
128900,0.878746311768416
129000,0.879314822943287
129100,0.879881014692128
129200,0.880444889667915
129300,0.881006450523624
129400,0.881565699912233
129500,0.882122640486718
129600,0.882677274900054
129700,0.883229605805221
129800,0.883779635855194
129900,0.884327367702949
130000,0.884872804001465
130100,0.885415947403716
130200,0.88595680056268
130300,0.886495366131334
130400,0.887031646762655
130500,0.887565645109618
130600,0.888097363825202
130700,0.888626805562383
130800,0.889153972974137
130900,0.88967886871344
131000,0.890201495433271
131100,0.890721855786606
131200,0.891239952426421
131300,0.891755788005692
131400,0.892269365177397
131500,0.892780686594513
131600,0.893289754910016
131700,0.893796572776884
131800,0.894301142848091
131900,0.894803467776616
132000,0.895303550215435
132100,0.895801392817526
132200,0.896296998235863
132300,0.896790369123425
132400,0.897281508133188
132500,0.897770417918128
132600,0.898257101131223
132700,0.89874156042545
132800,0.899223798453784
132900,0.899703817869203
133000,0.900181621324682
133100,0.9006572114732
133200,0.901130590967733
133300,0.901601762461258
133400,0.902070728606751
133500,0.902537492057188
133600,0.903002055465548
133700,0.903464421484806
133800,0.903924592767939
133900,0.904382571967924
134000,0.904838361737738
134100,0.905291964730358
134200,0.905743383598757
134300,0.906192620995917
134400,0.906639679574813
134500,0.90708456198842
134600,0.907527270889718
134700,0.907967808931679
134800,0.908406178767284
134900,0.908842383049507
135000,0.909276424431328
135100,0.909708305565719
135200,0.910138029105661
135300,0.910565597704128
135400,0.910991014014099
135500,0.91141428068855
135600,0.911835400380456
135700,0.912254375742795
135800,0.912671209428544
135900,0.913085904090679
136000,0.913498462382177
136100,0.913908886956015
136200,0.914317180465171
136300,0.914723345562618
136400,0.915127384901336
136500,0.915529301134302
136600,0.91592909691449
136700,0.916326774894878
136800,0.916722337728444
136900,0.917115788068164
137000,0.917507128567013
137100,0.91789636187797
137200,0.91828349065401
137300,0.918668517548112
137400,0.919051445213251
137500,0.919432276302403
137600,0.919811013468546
137700,0.920187659364657
137800,0.920562216643713
137900,0.920934687958689
138000,0.921305075962562
138100,0.92167338330831
138200,0.922039612648909
138300,0.922403766637336
138400,0.922765847926567
138500,0.92312585916958
138600,0.923483803019351
138700,0.923839682128856
138800,0.924193499151073
138900,0.924545256738978
139000,0.924894957545549
139100,0.92524260422376
139200,0.92558819942659
139300,0.925931745807015
139400,0.926273246018012
139500,0.926612702712558
139600,0.926950118543628
139700,0.927285496164201
139800,0.927618838227253
139900,0.92795014738576
140000,0.928279426292699
140100,0.928606677601046
140200,0.928931903963779
140300,0.929255108033876
140400,0.92957629246431
140500,0.929895459908061
140600,0.930212613018105
140700,0.930527754447418
140800,0.930840886848976
140900,0.931152012875757
141000,0.931461135180738
141100,0.931768256416896
141200,0.932073379237205
141300,0.932376506294644
141400,0.93267764024219
141500,0.932976783732818
141600,0.933273939419506
141700,0.933569109955232
141800,0.93386229799297
141900,0.934153506185698
142000,0.934442737186393
142100,0.934729993648032
142200,0.93501527822359
142300,0.935298593566046
142400,0.935579942328375
142500,0.935859327163554
142600,0.93613675072456
142700,0.93641221566437
142800,0.936685724635962
142900,0.936957280292308
143000,0.93722688528639
143100,0.937494542271182
143200,0.937760253899662
143300,0.938024022824806
143400,0.938285851699592
143500,0.938545743176994
143600,0.93880369990999
143700,0.939059724551558
143800,0.939313819754674
143900,0.939565988172314
144000,0.939816232457454
144100,0.940064555263073
144200,0.940310959242148
144300,0.940555447047652
144400,0.940798021332565
144500,0.941038684749864
144600,0.941277439952523
144700,0.941514289593521
144800,0.941749236325834
144900,0.941982282802438
145000,0.942213431676312
145100,0.94244268560043
145200,0.94267004722777
145300,0.94289551921131
145400,0.943119104204023
145500,0.943340804858889
145600,0.943560623828885
145700,0.943778563766986
145800,0.943994627326169
145900,0.944208817159411
146000,0.944421135919688
146100,0.944631586259979
146200,0.944840170833257
146300,0.945046892292502
146400,0.94525175329069
146500,0.945454756480799
146600,0.945655904515801
146700,0.945855200048678
146800,0.946052645732403
146900,0.946248244219955
147000,0.946441998164309
147100,0.946633910218444
147200,0.946823983035335
147300,0.947012219267959
147400,0.947198621569293
147500,0.947383192592314
147600,0.947565934989999
147700,0.947746851415323
147800,0.947925944521263
147900,0.948103216960798
148000,0.948278671386902
148100,0.948452310452553
148200,0.948624136810728
148300,0.948794153114404
148400,0.948962362016557
148500,0.949128766170164
148600,0.949293368228201
148700,0.949456170843646
148800,0.949617176669475
148900,0.949776388358664
149000,0.949933808564191
149100,0.950089439939032
149200,0.950243285136165
149300,0.950395346808564
149400,0.950545627609208
149500,0.950694130191073
149600,0.950840857207137
149700,0.950985811310375
149800,0.951128995153764
149900,0.951270411390281
150000,0.951410062672902
150100,0.951547951654606
150200,0.951684080988368
150300,0.951818453327164
150400,0.951951071323972
150500,0.952081937631769
150600,0.952211054903531
150700,0.952338425792234
150800,0.952464052950856
150900,0.952587939032373
151000,0.952710086689762
151100,0.952830498576
151200,0.952949177344065
151300,0.95306612564693
151400,0.953181346137575
151500,0.953294841468976
151600,0.953406614294108
151700,0.95351666726595
151800,0.953625003037477
151900,0.953731624261668
152000,0.953836533591497
152100,0.953939733679942
152200,0.95404122717998
152300,0.954141016744588
152400,0.954239105026742
152500,0.954335494679419
152600,0.954430188355595
152700,0.954523188708248
152800,0.954614498390354
152900,0.954704120054889
153000,0.954792056354832
153100,0.954878309943157
153200,0.954962883472843
153300,0.955045779596864
153400,0.9551270009682
153500,0.955206550239825
153600,0.955284430064719
153700,0.955360643095855
153800,0.955435191986211
153900,0.955508079388765
154000,0.955579307956492
154100,0.95564888034237
154200,0.955716799199376
154300,0.955783067180485
154400,0.955847686938675
154500,0.955910661126922
154600,0.955971992398204
154700,0.956031683405496
154800,0.956089736801775
154900,0.956146155240019
155000,0.956200941373205
155100,0.956254097854309
155200,0.956305627336305
155300,0.956355532472175
155400,0.956403815914891
155500,0.956450480317434
155600,0.956495528332776
155700,0.956538962613897
155800,0.956580785813774
155900,0.956621000585381
156000,0.956659609581696
156100,0.956696615455697
156200,0.956732020860359
156300,0.956765828448661
156400,0.956798040873576
156500,0.956828660788085
156600,0.956857690845162
156700,0.956885133697783
156800,0.956910991998928
156900,0.956935268401572
157000,0.95695796555869
157100,0.956979086123262
157200,0.956998632748261
157300,0.957016608086668
157400,0.957033014791455
157500,0.957047855515604
157600,0.957061132912087
157700,0.957072849633884
157800,0.957083008333969
157900,0.95709161166532
158000,0.957098662280915
158100,0.957104162833728
158200,0.957108115976739
158300,0.957110524362922
158400,0.957111390645255
158500,0.957110717476715
158600,0.957108507510276
158700,0.95710476339892
158800,0.957099487795618
158900,0.957092683353351
159000,0.957084352725094
159100,0.957074498563824
159200,0.957063123522516
159300,0.957050230254149
159400,0.9570358214117
159500,0.957019899648144
159600,0.957002467616458
159700,0.95698352796962
159800,0.956963083360605
159900,0.956941136442392
160000,0.956917689867955
160100,0.956892746290272
160200,0.956866308362321
160300,0.956838378737077
160400,0.956808960067516
160500,0.956778055006617
160600,0.956745666207356
160700,0.956711796322709
160800,0.956676448005654
160900,0.956639623909166
161000,0.956601326686223
161100,0.956561558989801
161200,0.956520323472878
161300,0.956477622788428
161400,0.956433459589431
161500,0.956387836528862
161600,0.956340756259697
161700,0.956292221434915
161800,0.956242234707491
161900,0.956190798730402
162000,0.956137916156624
162100,0.956083589639135
162200,0.956027821830913
162300,0.955970615384931
162400,0.955911972954168
162500,0.955851897191602
162600,0.955790390750207
162700,0.95572745628296
162800,0.955663096442841
162900,0.955597313882823
163000,0.955530111255884
163100,0.955461491215002
163200,0.955391456413152
163300,0.95532000950331
163400,0.955247153138456
163500,0.955172889971564
163600,0.955097222655611
163700,0.955020153843575
163800,0.954941686188431
163900,0.954861822343157
164000,0.95478056496073
164100,0.954697916694125
164200,0.954613880196321
164300,0.954528458120293
164400,0.954441653119019
164500,0.954353467845473
164600,0.954263904952636
164700,0.95417296709348
164800,0.954080656920987
164900,0.953986977088129
165000,0.953891930247886
165100,0.953795519053233
165200,0.953697746157146
165300,0.953598614212603
165400,0.953498125872582
165500,0.953396283790057
165600,0.953293090618006
165700,0.953188549009407
165800,0.953082661617235
165900,0.952975431094466
166000,0.952866860094078
166100,0.952756951269049
166200,0.952645707272353
166300,0.952533130756968
166400,0.952419224375872
166500,0.95230399078204
166600,0.952187432628449
166700,0.952069552568077
166800,0.951950353253899
166900,0.951829837338892
167000,0.951708007476032
167100,0.9515848663183
167200,0.951460416518668
167300,0.951334660730113
167400,0.951207601605615
167500,0.951079241798149
167600,0.95094958396069
167700,0.950818630746217
167800,0.950686384807706
167900,0.950552848798134
168000,0.950418025370477
168100,0.950281917177712
168200,0.950144526872817
168300,0.950005857108766
168400,0.949865910538537
168500,0.949724689815109
168600,0.949582197591455
168700,0.949438436520555
168800,0.949293409255384
168900,0.949147118448917
169000,0.948999566754134
169100,0.948850756824012
169200,0.948700691311523
169300,0.948549372869649
169400,0.948396804151365
169500,0.948242987809646
169600,0.94808792649747
169700,0.947931622867814
169800,0.947774079573655
169900,0.947615299267968
170000,0.947455284603732
170100,0.947294038233923
170200,0.947131562811517
170300,0.94696786098949
170400,0.946802935420822
170500,0.946636788758487
170600,0.94646942365546
170700,0.946300842764722
170800,0.946131048739248
170900,0.945960044232014
171000,0.945787831895996
171100,0.945614414384173
171200,0.945439794349521
171300,0.945263974445016
171400,0.945086957323635
171500,0.944908745638354
171600,0.944729342042153
171700,0.944548749188005
171800,0.944366969728887
171900,0.944184006317777
172000,0.943999861607652
172100,0.943814538251488
172200,0.943628038902262
172300,0.943440366212951
172400,0.943251522836531
172500,0.943061511425979
172600,0.942870334634273
172700,0.942677995114386
172800,0.942484495519299
172900,0.942289838501987
173000,0.942094026715427
173100,0.941897062812593
173200,0.941698949446467
173300,0.941499689270022
173400,0.941299284936235
173500,0.941097739098084
173600,0.940895054408545
173700,0.940691233520594
173800,0.940486279087211
173900,0.940280193761367
174000,0.940072980196043
174100,0.939864641044216
174200,0.93965517895886
174300,0.939444596592954
174400,0.939232896599474
174500,0.939020081631394
174600,0.938806154341697
174700,0.938591117383353
174800,0.938374973409345
174900,0.938157725072644
175000,0.93793937502623
175100,0.937719925923079
175200,0.937499380416168
175300,0.937277741158473
175400,0.937055010802971
175500,0.93683119200264
175600,0.936606287410453
175700,0.936380299679392
175800,0.93615323146243
175900,0.935925085412544
176000,0.935695864182712
176100,0.935465570425911
176200,0.935234206795116
176300,0.935001775943306
176400,0.934768280523455
176500,0.934533723188542
176600,0.934298106591542
176700,0.934061433385433
176800,0.933823706223191
176900,0.933584927757793
177000,0.933345100642216
177100,0.933104227529437
177200,0.932862311072431
177300,0.932619353924177
177400,0.93237535873765
177500,0.932130328165828
177600,0.931884264861686
177700,0.931637171478203
177800,0.931389050668355
177900,0.931139905085116
178000,0.930889737381467
178100,0.930638550210382
178200,0.930386346224839
178300,0.930133128077814
178400,0.929878898422283
178500,0.929623659911225
178600,0.929367415197614
178700,0.929110166934429
178800,0.928851917774645
178900,0.928592670371241
179000,0.928332427377191
179100,0.928071191445473
179200,0.927808965229064
179300,0.927545751380941
179400,0.927281552554079
179500,0.927016371401457
179600,0.92675021057605
179700,0.926483072730836
179800,0.92621496051879
179900,0.925945876592891
180000,0.925675823606114
180100,0.925404804211436
180200,0.925132821061834
180300,0.924859876810285
180400,0.924585974109765
180500,0.924311115613252
180600,0.924035303973721
180700,0.92375854184415
180800,0.923480831877515
180900,0.923202176726793
181000,0.922922579044961
181100,0.922642041484996
181200,0.922360566699874
181300,0.922078157342571
181400,0.921794816066066
181500,0.921510545523334
181600,0.921225348367352
181700,0.920939227251096
181800,0.920652184827545
181900,0.920364223749673
182000,0.920075346670459
182100,0.919785556242879
182200,0.919494855119909
182300,0.919203245954527
182400,0.918910731399708
182500,0.918617314108429
182600,0.918322996733669
182700,0.918027781928402
182800,0.917731672345607
182900,0.917434670638258
183000,0.917136779459334
183100,0.916838001461811
183200,0.916538339298666
183300,0.916237795622876
183400,0.915936373087416
183500,0.915634074345265
183600,0.915330902049398
183700,0.915026858852792
183800,0.914721947408424
183900,0.914416170369272
184000,0.914109530388311
184100,0.913802030118519
184200,0.913493672212871
184300,0.913184459324345
184400,0.912874394105917
184500,0.912563479210565
184600,0.912251717291266
184700,0.911939111000993
184800,0.911625662992727
184900,0.911311375919443
185000,0.910996252434117
185100,0.910680295189727
185200,0.910363506839249
185300,0.910045890035661
185400,0.909727447431938
185500,0.909408181681057
185600,0.909088095435996
185700,0.908767191349731
185800,0.908445472075238
185900,0.908122940265494
186000,0.907799598573477
186100,0.907475449652163
186200,0.907150496154527
186300,0.906824740733548
186400,0.906498186042202
186500,0.906170834733466
186600,0.905842689460316
186700,0.905513752875731
186800,0.905184027632684
186900,0.904853516384153
187000,0.904522221783117
187100,0.90419014648255
187200,0.90385729313543
187300,0.903523664394734
187400,0.903189262913437
187500,0.902854091344519
187600,0.902518152340953
187700,0.902181448555718
187800,0.90184398264179
187900,0.901505757252146
188000,0.901166775039762
188100,0.900827038657616
188200,0.900486550758684
188300,0.900145313995943
188400,0.899803331022368
188500,0.899460604490939
188600,0.89911713705463
188700,0.89877293136642
188800,0.898427990079283
188900,0.898082315846197
189000,0.89773591132014
189100,0.897388779154087
189200,0.897040922001015
189300,0.896692342513902
189400,0.896343043345722
189500,0.895993027149456
189600,0.895642296578076
189700,0.895290854284561
189800,0.894938702921889
189900,0.894585845143035
190000,0.894232283600975
190100,0.893878020948689
190200,0.89352305983915
190300,0.893167402925336
190400,0.892811052860224
190500,0.892454012296792
190600,0.892096283888015
190700,0.89173787028687
190800,0.891378774146333
190900,0.891018998119382
191000,0.890658544858995
191100,0.890297417018146
191200,0.889935617249812
191300,0.889573148206972
191400,0.889210012542599
191500,0.888846212909674
191600,0.888481751961172
191700,0.888116632350069
191800,0.887750856729341
191900,0.887384427751967
192000,0.887017348070923
192100,0.886649620339184
192200,0.886281247209729
192300,0.885912231335534
192400,0.885542575369575
192500,0.88517228196483
192600,0.884801353774274
192700,0.884429793450886
192800,0.88405760364764
192900,0.883684787017515
193000,0.883311346213486
193100,0.882937283888532
193200,0.882562602695627
193300,0.88218730528775
193400,0.881811394317877
193500,0.881434872438983
193600,0.881057742304047
193700,0.880680006566046
193800,0.880301667877955
193900,0.879922728892751
194000,0.879543192263412
194100,0.879163060642913
194200,0.878782336684231
194300,0.878401023040345
194400,0.878019122364229
194500,0.877636637308861
194600,0.877253570527218
194700,0.876869924672275
194800,0.876485702397011
194900,0.876100906354402
195000,0.875715539197424
195100,0.875329603579053
195200,0.874943102152268
195300,0.874556037570045
195400,0.874168412485359
195500,0.873780229551189
195600,0.87339149142051
195700,0.873002200746301
195800,0.872612360181535
195900,0.872221972379193
196000,0.871831039992249
196100,0.87143956567368
196200,0.871047552076463
196300,0.870655001853575
196400,0.870261917657993
196500,0.869868302142693
196600,0.869474157960652
196700,0.869079487764846
196800,0.868684294208253
196900,0.86828857994385
197000,0.867892347624612
197100,0.867495599903517
197200,0.867098339433542
197300,0.866700568867662
197400,0.866302290858856
197500,0.865903508060098
197600,0.865504223124367
197700,0.865104438704639
197800,0.864704157453891
197900,0.864303382025099
198000,0.863902115071241
198100,0.863500359245292
198200,0.86309811720023
198300,0.862695391589032
198400,0.862292185064673
198500,0.861888500280131
198600,0.861484339888383
198700,0.861079706542405
198800,0.860674602895174
198900,0.860269031599667
199000,0.85986299530886
199100,0.85945649667573
199200,0.859049538353254
199300,0.858642122994409
199400,0.858234253252172
199500,0.857825931779518
199600,0.857417161229425
199700,0.857007944254869
199800,0.856598283508828
199900,0.856188181644278
2e+05,0.855777641314196
200100,0.855366665171558
200200,0.85495525586934
200300,0.854543416060522
200400,0.854131148398077
200500,0.853718455534984
200600,0.853305340124219
200700,0.852891804818759
200800,0.85247785227158
200900,0.852063485135659
201000,0.851648706063974
201100,0.8512335177095
201200,0.850817922725214
201300,0.850401923764094
201400,0.849985523479115
201500,0.849568724523256
201600,0.849151529549491
201700,0.848733941210798
201800,0.848315962160154
201900,0.847897595050536
202000,0.84747884253492
202100,0.847059707266283
202200,0.846640191897601
202300,0.846220299081852
202400,0.845800031472012
202500,0.845379391721058
202600,0.844958382481966
202700,0.844537006407714
202800,0.844115266151278
202900,0.843693164365635
203000,0.843270703703761
203100,0.842847886818633
203200,0.842424716363228
203300,0.842001194990523
203400,0.841577325353494
203500,0.841153110105118
203600,0.840728551898372
203700,0.840303653386232
203800,0.839878417221676
203900,0.83945284605768
204000,0.839026942547221
204100,0.838600709343275
204200,0.838174149098819
204300,0.83774726446683
204400,0.837320058100285
204500,0.83689253265216
204600,0.836464690775433
204700,0.836036535123079
204800,0.835608068348075
204900,0.835179293103399
205000,0.834750212042027
205100,0.834320827816936
205200,0.833891143081101
205300,0.833461160487502
205400,0.833030882689113
205500,0.832600312338911
205600,0.832169452089875
205700,0.831738304594979
205800,0.831306872507201
205900,0.830875158479517
206000,0.830443165164905
206100,0.830010895216341
206200,0.829578351286801
206300,0.829145536029263
206400,0.828712452096703
206500,0.828279102142098
206600,0.827845488818424
206700,0.827411614778659
206800,0.826977482675779
206900,0.82654309516276
207000,0.826108454892581
207100,0.825673564518216
207200,0.825238426692643
207300,0.824803044068839
207400,0.824367419299781
207500,0.823931555038444
207600,0.823495453937807
207700,0.823059118650845
207800,0.822622551830535
207900,0.822185756129855
208000,0.82174873420178
208100,0.821311488699287
208200,0.820874022275354
208300,0.820436337582957
208400,0.819998437275073
208500,0.819560324004677
208600,0.819122000424748
208700,0.818683469188262
208800,0.818244732948196
208900,0.817805794357525
209000,0.817366656069228
209100,0.816927320736281
209200,0.81648779101166
209300,0.816048069548342
209400,0.815608158999304
209500,0.815168062017523
209600,0.814727781255975
209700,0.814287319367637
209800,0.813846679005486
209900,0.813405862822499
210000,0.812964873471652
210100,0.812523713605922
210200,0.812082385878286
210300,0.81164089294172
210400,0.811199237449201
210500,0.810757422053706
210600,0.810315449408212
210700,0.809873322165696
210800,0.809431042979133
210900,0.808988614501501
211000,0.808546039385777
211100,0.808103320284937
211200,0.807660459851958
211300,0.807217460739816
211400,0.80677432560149
211500,0.806331057089954
211600,0.805887657858186
211700,0.805444130559163
211800,0.805000477845861
211900,0.804556702371258
212000,0.804112806788329
212100,0.803668793750052
212200,0.803224665909402
212300,0.802780425919358
212400,0.802336076432896
212500,0.801891620102992
212600,0.801447059582623
212700,0.801002397524766
212800,0.800557636582398
212900,0.800112779408495
213000,0.799667828656034
213100,0.799222786977991
213200,0.798777657027345
213300,0.79833244145707
213400,0.797887142920145
213500,0.797441764069545
213600,0.796996307558248
213700,0.79655077603923
213800,0.796105172165467
213900,0.795659498589938
214000,0.795213757965617
214100,0.794767952945483
214200,0.794322086182511
214300,0.793876160329679
214400,0.793430178039963
214500,0.79298414196634
214600,0.792538054761787
214700,0.79209191907928
214800,0.791645737571797
214900,0.791199512892313
215000,0.790753247693806
215100,0.790306944629251
215200,0.789860606351628
215300,0.78941423551391
215400,0.788967834769077
215500,0.788521406770103
215600,0.788074954169967
215700,0.787628479621644
215800,0.787181985778111
215900,0.786735475292346
216000,0.786288950817324
216100,0.785842415006023
216200,0.78539587051142
216300,0.78494931998649
216400,0.784502766084211
216500,0.784056211287691
216600,0.783609656482172
216700,0.783163101676652
216800,0.782716546871132
216900,0.782269992065612
217000,0.781823437260092
