"FISHNET_AB","X","Y","COMBINED_STATIC_EFFECTS"
3155,-119.635367042,55.9415656316,-6.95888631645167
3156,-119.475699374,55.9474804838,-6.84172469835569
3226,-119.465371821,55.8578673275,-6.40891799986379
3227,-119.3060111,55.8635565388,-6.0371025199511
3293,-119.926808577,55.7496334035,-7.49609650282318
3294,-119.772921012,55.7562958022,-6.86445385394243
3295,-119.614041756,55.7623762108,-6.60589294229796
3296,-119.455102595,55.7682516005,-6.50959536027876
3297,-119.296105558,55.7739218075,-6.53095791752574
3362,-119.998876057,55.6317311071,-9.25698322922674
3363,-119.920073535,55.6603136928,-7.98684449418799
3364,-119.761987711,55.6667173832,-7.52685095358044
3365,-119.603469201,55.6727775177,-6.77556233825859
3366,-119.444891249,55.6786333109,-6.77093358546778
3367,-119.286255863,55.6842846002,-6.70543203001845
3368,-119.127565061,55.6897312288,-6.91237680263777
3432,-119.994384897,55.5609341906,-8.25269640100346
3433,-119.909214648,55.5708927771,-7.61060300764684
3434,-119.751115858,55.5771362291,-7.58133212359923
3435,-119.592956091,55.5831761813,-7.00762738270221
3436,-119.434737335,55.589012467,-7.02224886575344
3437,-119.276461587,55.5946449245,-7.0658602056702
3438,-119.118130847,55.6000733981,-6.68866577099354
3468,-114.352699063,55.6675318761,-8.07853860985979
3469,-114.193672988,55.6665902818,-9.08969804040933
3470,-114.034657364,55.6654427035,-8.87176465411318
3471,-113.875654252,55.6640891732,-8.93354120710501
3472,-113.716665709,55.6625297287,-10.0725494248956
3473,-113.557693793,55.6607644135,-10.5322741525982
3475,-113.239808064,55.6566163739,-12.6869346580412
3502,-119.988907762,55.4741913415,-8.00936284007898
3508,-119.108749622,55.5104131885,-6.25136293991033
3509,-118.950724358,55.51562013,-6.82842317374135
3510,-118.792648504,55.5206234684,-6.45106918880835
3511,-118.634524058,55.5254230654,-6.29452469693982
3536,-114.671526876,55.578907575,-7.65442694871785
3537,-114.512849588,55.5783797912,-7.79337851558862
3538,-114.354178582,55.5776466649,-7.73634489366328
3539,-114.195515902,55.5767082165,-7.87490531016426
3540,-114.036863594,55.575564472,-8.85353302392146
3541,-113.8782237,55.5742154634,-8.55223512587872
3542,-113.719598263,55.5726612281,-10.4173803601668
3543,-113.560989326,55.5709018093,-10.4986477075993
3544,-113.402398927,55.568937256,-10.5882672260613
3545,-113.243829107,55.5667676226,-12.4205144545424
3580,-118.784033189,55.430926921,-6.28404445339416
3581,-118.626265972,55.4357105456,-6.17588005663734
3605,-114.830595217,55.4893381537,-6.28540089473106
3606,-114.67227519,55.4890168031,-9.66928203438628
3607,-114.513959365,55.4884907806,-8.30341040421457
3608,-114.355649774,55.4877601008,-7.54898861524588
3609,-114.197348445,55.486824784,-7.50698626113383
3610,-114.039057408,55.4856848561,-8.50485602169113
3611,-113.88077869,55.4843403486,-8.91463636847564
3612,-113.722514318,55.4827912988,-9.43232052413837
3676,-114.673019301,55.399124696,-6.65481636580557
3743,-115.146572995,55.3095789304,-6.9072002216515
3813,-115.14624241,55.2196829921,-7.52844410752282
3814,-114.988992487,55.2197701301,-7.96048186539685
3878,-115.930329016,55.1263221535,-8.93551277128339
3879,-115.773461422,55.1274187225,-9.68591468214314
3880,-115.616584122,55.1283133852,-7.98838361692884
3883,-115.14591367,55.1297857192,-8.05193304441307
3884,-114.989017231,55.1298725677,-9.71071858453341
3885,-114.83212093,55.129757443,-7.65022449782649
3886,-114.675226736,55.1294403481,-7.72507584900566
3922,-119.955702916,54.9380162875,-8.26645485840026
3943,-116.71061376,55.0279530594,-9.79988912413556
3944,-116.554174884,55.0300516189,-10.0647732938223
3945,-116.397716625,55.0319491451,-9.34000634227949
3946,-116.241240933,55.0336455862,-11.8569759212776
3948,-115.92824504,55.0364350346,-8.7605266983081
3949,-115.771728742,55.037527966,-9.40903432229306
3950,-115.615202812,55.0384196608,-6.93549394733033
3951,-115.458669203,55.0391100947,-6.72104561932415
3952,-115.302129868,55.0395992489,-6.60246412465297
3953,-115.145586761,55.0398871101,-8.23498469706422
3954,-114.989041837,55.0399736705,-8.11528793732944
3955,-114.83249705,55.0398589277,-8.083441359431
3956,-114.675954353,55.0395428849,-8.99777754118862
3992,-119.950250709,54.8483199421,-8.39400431144038
3993,-119.821600638,54.8543097131,-7.65555378017005
3996,-119.35552173,54.8719547106,-7.85362850240981
3997,-119.200052332,54.8774395256,-7.45041174783817
4013,-116.706796256,54.9380926498,-9.98609862542511
4014,-116.550706139,54.9401842585,-10.1298464468398
4015,-116.394596786,54.9420754991,-9.2884892943306
4016,-116.238470131,54.9437663203,-10.1544798810263
4017,-116.082328107,54.9452566763,-9.23503636656444
4018,-115.92617265,54.9465465268,-8.8251122485057
4019,-115.770005696,54.9476358368,-8.74900629320514
4020,-115.613829182,54.9485245768,-6.81800442610512
4021,-115.457645048,54.9492127227,-6.54128270351468
4022,-115.301455231,54.9497002559,-6.34411750525393
4023,-115.14526167,54.9499871632,-6.72431975788845
4024,-114.989066306,54.9500734367,-9.72670113819784
4025,-114.832871078,54.9499590742,-8.03292428072103
4026,-114.676677925,54.9496440787,-8.35407172336487
4062,-119.944829997,54.7586033703,-8.22315685166849
4063,-119.810920303,54.7647243922,-8.2849303709464
4064,-119.655958348,54.7707842942,-7.40377895714527
4065,-119.500939439,54.776646626,-7.25944984470681
4066,-119.345865437,54.782311231,-7.64463881105038
4067,-119.190738207,54.7877779574,-7.97705543600743
4068,-119.035559619,54.793046659,-7.82789216501224
4084,-116.54725663,54.8503154142,-9.65223070539806
4085,-116.391494251,54.8522003971,-8.69677587407691
4086,-116.235714698,54.8538856233,-9.01486394924942
4087,-116.079919893,54.8553710472,-8.73927101952496
4088,-115.924111755,54.8566566289,-8.44753927380168
4089,-115.768292208,54.8577423336,-7.90454365651368
4090,-115.612463173,54.858628132,-6.75846038798002
4091,-115.456626575,54.8593140001,-6.21566547257014
4092,-115.300784337,54.8597999195,-6.13423383665612
4093,-115.144938383,54.860085877,-7.31245286419516
4094,-114.98909064,54.860171865,-9.77425609224476
4095,-114.833243031,54.860057881,-9.8406594276868
4132,-119.939441054,54.6688712705,-7.62675140509264
4133,-119.80029878,54.6751363389,-7.4475913677999
4134,-119.645675891,54.6811762947,-7.62044579961519
4135,-119.490996473,54.6870193249,-7.75456351207262
4136,-119.336262372,54.692665274,-8.07004878996907
4137,-119.18147544,54.6981139914,-8.04549133340857
4138,-119.026637535,54.7033653317,-7.8796409998749
4139,-118.871750514,54.7084191546,-8.11508581088491
4140,-118.716816241,54.7132753253,-7.54924406515318
4143,-118.251748602,54.7266566518,-9.61260201977432
4156,-116.232974518,54.7640034943,-7.80022389378858
4157,-116.077525011,54.765484008,-7.36199165520162
4158,-115.922062272,54.7667653398,-7.7883892898704
4159,-115.766588208,54.7678474551,-7.38975916136444
4160,-115.611104728,54.7687303248,-6.66464831455124
4161,-115.455613742,54.7694139253,-5.19981373735881
4162,-115.300117158,54.769898238,-5.82374867799038
4163,-115.144616887,54.7701832501,-7.22509999102909
4164,-114.989114839,54.7702689537,-10.1104711773258
4165,-114.833612925,54.7701553466,-10.2843238328861
4202,-119.934073729,54.5791272046,-8.14752014957492
4203,-119.789735631,54.5855455626,-7.75068056567088
4204,-119.635449965,54.5915656592,-8.14822911279285
4205,-119.481108189,54.5973894722,-7.58389612656098
4206,-119.326712137,54.603016847,-7.52095942458338
4207,-119.172263649,54.6084476341,-7.52062103548116
4208,-119.017764566,54.6136816891,-7.51366869249485
4209,-118.863216733,54.6187188727,-7.81566748052663
4211,-118.553982224,54.6282020948,-8.54846010976603
4212,-118.399299257,54.6326478806,-7.76822286905834
4213,-118.24457496,54.6368962899,-7.54491772009722
4215,-117.935009833,54.6448005306,-9.52022050338673
4224,-116.540414743,54.6705732719,-9.60954261800834
4225,-116.385340568,54.6724458223,-9.39387330979567
4226,-116.230249477,54.6741199325,-7.79719126617264
4227,-116.075143361,54.6755955577,-7.9401322486444
4228,-115.920024112,54.6768726583,-6.82820030074188
4229,-115.764893624,54.6779512001,-6.6543342870457
4230,-115.60975379,54.6788311541,-6.46614204761692
4231,-115.454606506,54.6795124969,-5.30551105954279
4232,-115.299453666,54.67999521,-6.00125372431111
4233,-115.144297167,54.6802792807,-8.28750265593851
4234,-114.989138904,54.6803647013,-8.98688174830659
4235,-114.833980774,54.6802514695,-8.89435851504302
4272,-119.928734456,54.4893726918,-8.09089833574902
4273,-119.779230422,54.4959520723,-6.9735216660477
4274,-119.625280148,54.5019523961,-7.47415152627559
4275,-119.471274181,54.5077570756,-8.06368124104931
4276,-119.317214341,54.5133659571,-8.09036887177634
4277,-119.163102453,54.5187788921,-7.98873960050015
4278,-119.008940347,54.5239957372,-7.60922547105273
4279,-118.854729853,54.5290163542,-8.68558703008259
4280,-118.700472809,54.5338406098,-7.87952061516019
4281,-118.546171054,54.538468376,-8.65276194981233
4282,-118.39182643,54.54289953,-8.74652449592188
4283,-118.237440785,54.5471339541,-7.50204313022742
4284,-118.083015967,54.5511715357,-8.70765744070421
4285,-117.928553829,54.5550121674,-8.57849273760878
4287,-117.619525014,54.5621021779,-8.51652133885808
4295,-116.382289165,54.5825663484,-8.48255523349142
4296,-116.227539461,54.5842349372,-7.66296786756761
4297,-116.072774844,54.5857056953,-7.83697217277226
4298,-115.917997192,54.5869785833,-6.26281107180881
4299,-115.763208385,54.5880535673,-6.65837200916639
4300,-115.608410303,54.5889306184,-6.52426405152209
4301,-115.453604825,54.5896097134,-5.94511118111549
4302,-115.298793834,54.5900908341,-6.81130802899337
4303,-115.14397921,54.5903739676,-6.65011951751339
4304,-114.989162836,54.5904591063,-8.70746810298438
4305,-114.834346594,54.5903462481,-8.50553182874214
4341,-119.998769667,54.3731706482,-72.4325843498311
4342,-119.922091391,54.4000783732,-8.42898716408243
4343,-119.768782723,54.406355877,-6.72702530699903
4344,-119.615166025,54.412336514,-6.99848127063674
4345,-119.461494046,54.418122143,-7.91461910977306
4346,-119.307768593,54.4237126115,-7.54593291905735
4347,-119.153991477,54.429107772,-7.58121035149659
4348,-119.000164515,54.4343074822,-7.31396700469214
4349,-118.846289524,54.4393116045,-7.81721556811096
4350,-118.692368328,54.4441200068,-7.85043003807753
4351,-118.538402752,54.448732562,-8.21433620830195
4352,-118.384394626,54.453149148,-8.60507951467241
4353,-118.230345783,54.4573696478,-7.73381590747291
4354,-118.076258058,54.4613939498,-8.55168389053772
4355,-117.92213329,54.4652219473,-8.25463895557383
4356,-117.76797332,54.4688535388,-7.94300285309752
4357,-117.613779993,54.4722886281,-8.33947760276955
4358,-117.459555155,54.475527124,-7.8410422918733
4359,-117.305300654,54.4785689405,-8.63534652919977
4365,-116.379254552,54.4926854159,-7.62937307533889
4366,-116.224844358,54.4943485076,-8.08136685493248
4367,-116.070419362,54.4958144199,-7.39461110321857
4368,-115.915981428,54.4970831138,-6.20602140353175
4369,-115.761532423,54.4981545555,-6.63988515299014
4370,-115.607074211,54.4990287165,-5.74900119384866
4371,-115.452608658,54.4997055736,-5.62182159212317
4372,-115.298137634,54.5001851087,-6.54524184144297
4373,-115.143663004,54.5004673091,-6.72909193952924
4374,-114.989186637,54.5005521672,-7.74776087953085
4375,-114.834710401,54.5004396809,-7.51770657732516
4411,-119.994393515,54.300995423,-9.70711239844336
4412,-119.911620371,54.3106017327,-7.21810310734066
4413,-119.758392109,54.3167569857,-6.81414544719693
4414,-119.605107184,54.3227180209,-8.29644075544909
4415,-119.451767386,54.3284846819,-7.42690843200007
4416,-119.298374508,54.3340568172,-7.9393785914999
4417,-119.144930349,54.3394342803,-7.8664418083268
4418,-118.991436711,54.3446169297,-7.71887146603632
4419,-118.837895401,54.349604629,-7.77593572731327
4420,-118.684308226,54.3543972468,-8.14073615884194
4421,-118.530677001,54.358994657,-7.5140558581417
4422,-118.37700354,54.3633967382,-7.64540743909829
4423,-118.223289663,54.3676033744,-8.83828728913763
4424,-118.069537193,54.3716144545,-8.46373869200756
4425,-117.915747954,54.3754298727,-8.03853888326548
4426,-117.761923774,54.3790495282,-7.79108469392732
4427,-117.608066484,54.3824733253,-8.24778549138729
4428,-117.454177916,54.3857011736,-8.2997939119481
4429,-117.300259907,54.3887329877,-8.01915061522457
4430,-117.146314292,54.3915686873,-7.89531542858589
4434,-116.53029261,54.4009489187,-7.58286904751709
4435,-116.376236603,54.4028030242,-7.36281479354709
4436,-116.222164056,54.4044606428,-7.23001368873853
4437,-116.068076817,54.4059217305,-6.9871455404587
4438,-115.913976737,54.4071862485,-7.4127185220411
4439,-115.759865667,54.4082541635,-6.82533374792628
4440,-115.605745458,54.409125447,-5.82813504130001
4441,-115.451617965,54.4098000759,-6.50699063492989
4442,-115.297485039,54.4102780324,-7.25808730189109
4443,-115.143348535,54.4105593038,-7.21380248265625
4481,-119.989146121,54.2140149112,-9.61262451842573
4482,-119.900956856,54.2210203016,-7.07756033404772
4483,-119.74805816,54.2271554073,-8.03252377157254
4484,-119.595103217,54.2330969252,-8.0705579737139
4485,-119.442093805,54.2388447,-8.05914446687786
4486,-119.289031704,54.2443985812,-7.27740257615861
4487,-119.1359187,54.2497584232,-8.3592684357376
4488,-118.982756582,54.2549240856,-8.82755982655872
4489,-118.829547142,54.2598954328,-7.90490835389505
4490,-118.676292176,54.2646723345,-7.77247719239503
4491,-118.522993485,54.2692546652,-7.31609117084546
4492,-118.36965287,54.2736423044,-7.5755203355459
4493,-118.216272138,54.277835137,-7.70523148484005
4494,-118.062853097,54.2818330526,-8.40740301439945
4495,-117.909397559,54.2856359461,-8.0374081391796
4496,-117.755907338,54.2892437173,-7.95914511358033
4497,-117.602384252,54.2926562713,-8.90344003420679
4498,-117.44883012,54.2958735183,-8.61548175226422
4499,-117.295246764,54.2988953733,-7.35436230004799
4500,-117.141636008,54.3017217568,-6.99842635804193
4501,-116.987999677,54.3043525942,-7.16677888967844
4502,-116.8343396,54.3067878162,-6.55369828376471
4503,-116.680657606,54.3090273585,-6.97189699159051
4504,-116.526955527,54.3110711621,-7.02204908644233
4505,-116.373235196,54.3129191728,-6.76876955420808
4506,-116.219498446,54.314571342,-6.6506131048452
4507,-116.065747114,54.3160276261,-6.75057542462689
4508,-115.911983036,54.3172879865,-6.85147392059409
4509,-115.758208049,54.3183523901,-5.80838033266389
4510,-115.604423991,54.3192208086,-6.14644379633803
4511,-115.450632703,54.3198932191,-6.67022496414676
4512,-115.296836022,54.3203696038,-7.53139877129463
4551,-119.983826826,54.1252734102,-72.222347216406
4552,-119.890351362,54.1314361055,-8.24469354141043
4553,-119.737780458,54.1375511504,-11.0489794493565
4554,-119.585153721,54.143473235,-8.38115783706444
4555,-119.432472913,54.1492022048,-7.69977211848677
4556,-119.279739804,54.1547379103,-7.68754235746011
4557,-119.126956166,54.1600802071,-7.72167887556871
4558,-118.974123774,54.1652289557,-8.1998196963377
4559,-118.821244409,54.1701840213,-7.16082019167512
4560,-118.668319853,54.1749452746,-7.60914521351559
4561,-118.515351893,54.1795125908,-7.18629653958321
4562,-118.362342318,54.1838858505,-7.4688805641055
4563,-118.209292921,54.188064939,-7.55970673401397
4564,-118.056205498,54.192049747,-8.0616216163476
4565,-117.903081846,54.1958401698,-7.73433575061862
4566,-117.749923768,54.1994361082,-8.27943612549556
4567,-117.596733067,54.2028374677,-8.86211340708054
4568,-117.443511549,54.2060441591,-7.79662869696975
4569,-117.290261022,54.2090560982,-7.41024338510433
4570,-117.136983297,54.2118732059,-7.25533618508516
4571,-116.983680187,54.2144954082,-7.15887604901609
4572,-116.830353506,54.2169226361,-6.97753611721673
4573,-116.67700507,54.2191548258,-6.23605032358162
4574,-116.523636697,54.2211919187,-6.2754195402349
4575,-116.370250206,54.2230338611,-6.60245051709358
4576,-116.216847419,54.2246806046,-6.08855255772834
4577,-116.063430157,54.2261321059,-5.62698235071975
4578,-115.910000243,54.2273883267,-5.95119990226283
4579,-115.756559501,54.2284492341,-5.99854536924632
4580,-115.603109756,54.2293148,-6.69469063011667
4581,-115.449652833,54.2299850016,-6.27726831097527
4621,-119.978509859,54.0360346716,-9.54028875253629
4622,-119.879803463,54.0418491539,-73.4277649034178
4623,-119.727558592,54.0479442239,-9.63636552600785
4624,-119.575258295,54.0538469583,-9.97762059709871
4625,-119.422904324,54.0595572036,-8.46112144424335
4626,-119.270498434,54.0650748115,-7.53983572010819
4627,-119.118042386,54.0703996384,-6.81113624997955
4628,-118.965537941,54.0755315456,-6.78200323012157
4629,-118.812986868,54.0804703997,-7.12314211760988
4630,-118.660390935,54.0852160717,-7.9465048231559
4631,-118.507751916,54.0897684381,-7.90362390045397
4632,-118.355071588,54.09412738,-7.77677320610334
4633,-118.202351731,54.0982927836,-7.9775165232622
4634,-118.049594127,54.1022645403,-8.10996400811087
4635,-117.896800561,54.1060425463,-8.63254920099813
4636,-117.743972822,54.1096267028,-7.60511259775697
4637,-117.591112699,54.1130169161,-7.39464873459903
4638,-117.438221986,54.1162130975,-7.03659724851413
4639,-117.285302478,54.1192151635,-7.08817546937279
4640,-117.132355973,54.1220230354,-6.90634487993616
4641,-116.979384268,54.1246366397,-7.43383009686764
4642,-116.826389167,54.127055908,-7.34413621553155
4643,-116.67337247,54.1292807769,-6.08171637929349
4644,-116.520335984,54.1313111881,-6.13421560444213
4645,-116.367281514,54.1331470884,-6.98558656486608
4646,-116.214210867,54.1347884297,-6.38619753077839
4647,-116.061125852,54.1362351688,-5.92520365077241
4648,-115.908028279,54.137487268,-5.86887212925276
4649,-115.754919957,54.1385446942,-4.80502190448969
4691,-119.973199174,53.9465794881,-9.39604256685716
4692,-119.869312738,53.9522594561,-72.1244428264865
4693,-119.717392152,53.9583346363,-9.6858519794187
4694,-119.565416544,53.964218103,-10.9902529431022
4695,-119.413387654,53.9699097039,-9.70583996303421
4696,-119.261307224,53.9754092914,-7.08686498548354
4697,-119.109177002,53.9807167231,-6.19371585064058
4698,-118.956998738,53.9858318611,-6.83938453807652
4699,-118.804774186,53.9907545729,-7.4662555222104
4700,-118.652505102,53.9954847305,-7.1939093813407
4701,-118.500193249,54.000022211,-7.72505471174977
4702,-118.347840389,54.0043668966,-7.1998024860942
4703,-118.195448289,54.0085186741,-7.1375529022921
4704,-118.043018719,54.0124774355,-7.60872556348159
4705,-117.89055345,54.0162430779,-8.04902165074096
4706,-117.738054259,54.0198155031,-7.21161692700855
4707,-117.585522922,54.023194618,-7.20927205953655
4708,-117.432961219,54.0263803347,-7.28780002447355
4709,-117.280370933,54.0293725699,-7.30941711734673
4710,-117.127753847,54.0321712458,-6.99371173732044
4711,-116.975111747,54.0347762892,-6.99149517035201
4712,-116.822446422,54.0371876322,-6.94359320916985
4713,-116.669759661,54.0394052118,-6.7394700291795
4714,-116.517053256,54.0414289701,-6.95277058507668
4715,-116.364328999,54.0432588543,-7.22326833370114
4716,-116.211588684,54.0448948165,-6.85035227007852
4717,-116.058834106,54.0463368141,-6.83461769866547
4718,-115.906067062,54.0475848092,-5.92331895573963
4719,-115.753289349,54.0486387694,-6.04013368617176
4720,-115.600502765,54.0494986671,-5.37473857344918
4721,-115.447709109,54.0501644797,-5.98420257742384
4761,-119.967915107,53.8570051847,-9.10230877928103
4762,-119.858878771,53.862667021,-9.19482067968523
4763,-119.707280734,53.8687223961,-8.79353089901579
4764,-119.555628076,53.8745866771,-9.23095340368652
4765,-119.403922523,53.8802597129,-73.6339328920215
4766,-119.252165807,53.8857413568,-8.34787839531223
4767,-119.100359661,53.8910314674,-5.98503162771326
4768,-118.948505823,53.8961299077,-6.93459019708451
4769,-118.796606035,53.9010365461,-6.23338429725086
4770,-118.644662041,53.9057512555,-6.06215861040877
4771,-118.492675589,53.9102739138,-7.51902272701263
4772,-118.34064843,53.9146044038,-7.70298519644624
4773,-118.188582317,53.9187426134,-7.38596878215104
4774,-118.036479008,53.9226884353,-7.66798370443324
4775,-117.884340263,53.9264417669,-7.61068454442261
4776,-117.732167842,53.9300025111,-7.18661126849236
4777,-117.579963511,53.9333705752,-6.97224821547924
4778,-117.427729036,53.9365458719,-7.21752352705852
4779,-117.275466187,53.9395283185,-7.46457358065704
4780,-117.123176735,53.9423178377,-7.47597520581072
4781,-116.970862452,53.9449143569,-6.99423185345748
4782,-116.818525114,53.9473178085,-6.75736678319384
4783,-116.666166497,53.9495281301,-6.5635243145592
4784,-116.51378838,53.9515452641,-6.4749967905948
4785,-116.361392541,53.953369158,-6.51370006341465
4786,-116.208980763,53.9549997643,-6.92345625584526
4787,-116.056554827,53.9564370406,-6.83696641264947
4788,-115.904116515,53.9576809495,-6.20366389094353
4789,-115.751667613,53.9587314585,-6.52421122932598
4790,-115.599209905,53.9595885403,-6.75709450263488
4791,-115.446745176,53.9602521726,-6.37001756754868
4831,-119.955608671,53.7972569755,-9.12503589613924
4832,-119.841735758,53.775203087,-9.27002207801288
4833,-119.697223937,53.7791075117,-9.57078268847681
4834,-119.545892502,53.7849526884,-9.41136734693445
4835,-119.394508557,53.7906072378,-9.44942604747312
4836,-119.24307382,53.7960710143,-9.56739554450628
4837,-119.091590012,53.8013438773,-10.0087586503862
4838,-118.94005886,53.806425691,-9.93646738555514
4839,-118.788482091,53.8113163243,-8.12365122699553
4840,-118.636861438,53.8160156512,-7.01993355782398
4841,-118.485198636,53.8205235504,-6.78674526412462
4842,-118.333495424,53.8248399054,-8.54125140214268
4843,-118.181753542,53.8289646049,-8.70884362384184
4844,-118.029974736,53.8328975422,-7.36189652180215
4845,-117.87816075,53.8366386157,-7.47600485579342
4846,-117.726313336,53.8401877286,-7.49891964343017
4847,-117.574434244,53.8435447891,-7.19118063624827
4848,-117.422525228,53.8467097103,-7.42890407363302
4849,-117.270588045,53.8496824102,-7.11228739748329
4850,-117.118624453,53.8524628119,-7.36435101452454
4851,-116.966636212,53.8550508432,-7.05192768325869
4852,-116.814625085,53.8574464373,-6.46976792964582
4853,-116.662592834,53.8596495318,-6.51969466675305
4854,-116.510541225,53.8616600698,-6.57775645871994
4855,-116.358472024,53.863477999,-6.59564601528647
4856,-116.206387,53.8651032724,-6.43116029914117
4857,-116.054287922,53.8665358477,-6.39118926173763
4858,-115.902176559,53.8677756877,-6.16727821346324
4859,-115.750054683,53.8688227603,-6.65991946161803
4860,-115.597924066,53.8696770383,-6.11187847520914
4902,-119.821337732,53.7125080098,-10.342549093226
4903,-119.685020877,53.6907299622,-9.3144589105477
4904,-119.53620944,53.6953161446,-73.2421591680671
4905,-119.385145384,53.7009522858,-9.63866298719833
4906,-119.234030903,53.7063982705,-9.51216952018662
4907,-119.082867709,53.711653959,-10.3786467529729
4908,-118.931657513,53.7167192164,-9.31398263450398
4909,-118.780402031,53.7215939125,-9.51994810594173
4910,-118.629102984,53.7262779221,-9.23416599003292
4911,-118.477762095,53.7307711247,-7.22074248149643
4912,-118.326381088,53.7350734048,-6.04796763514954
4913,-118.174961693,53.7391846516,-8.09620660895248
4914,-118.023505642,53.7431047591,-7.36396997549971
4915,-117.872014668,53.7468336265,-7.33501032220352
4916,-117.720490507,53.7503711577,-7.29347084269617
4917,-117.5689349,53.7537172613,-7.22677927716712
4918,-117.417349587,53.7568718511,-7.25632705088998
4919,-117.265736312,53.7598348458,-7.36350218258372
4920,-117.114096821,53.7626061688,-6.63609045784673
4921,-116.96243286,53.7651857485,-6.58594661029591
4922,-116.810746179,53.7675735184,-7.15688341565719
4923,-116.659038528,53.7697694168,-6.73666064529415
4924,-116.507311661,53.7717733868,-7.09556587109626
4925,-116.355567331,53.7735853769,-6.79020340418477
4926,-116.203807292,53.7752053399,-6.44716592676164
4927,-116.052033302,53.7766332342,-6.16908649305487
4928,-115.900247117,53.7778690228,-6.38962024569502
4929,-115.748450495,53.7789126736,-6.3568979301496
4930,-115.596645196,53.7797641598,-6.18106240845638
4931,-115.444832978,53.7804234593,-6.99303158261486
4971,-119.913519581,53.6063651775,-9.1355320900347
4972,-119.828359336,53.5796326746,-8.68351736638162
4973,-119.67127447,53.598098885,-9.07972425631278
4974,-119.526578508,53.6056770533,-9.27343868926172
4975,-119.375832635,53.6112948639,-72.0159389447868
4976,-119.225036702,53.6167231318,-9.30097077454007
4977,-119.074192407,53.6219617183,-10.4024208266164
4978,-118.923301451,53.6270104893,-10.3475782169285
4979,-118.772365537,53.6318693155,-10.685526760787
4980,-118.621386374,53.6365380726,-9.2698738107133
4981,-118.47036567,53.6410166409,-10.0056879971137
4982,-118.319305141,53.6453049055,-7.25365408310618
4983,-118.168206501,53.6494027565,-6.00328351049203
4984,-118.017071471,53.6533100886,-6.53166227759984
4985,-117.865901771,53.6570268017,-6.99133579881401
4986,-117.714699126,53.6605528001,-7.19056691600016
4987,-117.563465263,53.6638879934,-7.18057044227457
4988,-117.412201909,53.6670322957,-7.23182226193593
4989,-117.260910797,53.6699856262,-7.34285018540155
4990,-117.109593658,53.672747909,-6.93567931890084
4991,-116.958252227,53.675319073,-7.27860345375756
4992,-116.806888242,53.677699052,-7.27330762531309
4993,-116.65550344,53.6798877847,-6.81784020763232
4994,-116.504099561,53.6818852148,-6.27056643215543
4995,-116.352678346,53.6836912909,-6.16317338793155
4996,-116.201241536,53.6853059663,-5.75518502058961
4997,-116.049790877,53.6867291995,-5.7908975895688
4998,-115.898328111,53.6879609538,-6.13168567348513
4999,-115.746854985,53.6890011974,-5.92424494239956
5041,-119.897791184,53.5231636228,-72.7511164326876
5042,-119.802544341,53.5157699472,-9.10641892969796
5043,-119.667377333,53.5102470763,-10.3419439773646
5044,-119.51699933,53.5160354221,-72.975755515615
5045,-119.366569946,53.5216349791,-10.6037348588127
5046,-119.216090864,53.5270456047,-9.34023119014232
5047,-119.065563768,53.5322671611,-10.6211076534495
5048,-118.914990348,53.5372995151,-10.1050755434254
5049,-118.764372294,53.5421425383,-10.2493019038639
5050,-118.613711303,53.5467961071,-8.95679739054979
5051,-118.463009073,53.5512601027,-10.506421283294
5052,-118.312267304,53.555534411,-9.58404251994081
5053,-118.161487701,53.5596189227,-7.96476655297568
5054,-118.01067197,53.5635135334,-5.74026938537333
5055,-117.859821821,53.5672181433,-5.77615961356768
5056,-117.708938964,53.5707326578,-6.76982024629017
5057,-117.558025116,53.5740569868,-6.76826718563132
5058,-117.407081991,53.5771910451,-6.86043058806651
5059,-117.256111307,53.5801347524,-6.2089395520214
5060,-117.105114787,53.5828880333,-6.21100647297957
5061,-116.95409415,53.5854508171,-6.12667675175244
5062,-116.803051123,53.5878230382,-6.10305791765037
5063,-116.651987429,53.5900046356,-5.70592365145576
5064,-116.500904797,53.5919955534,-5.09934714524617
5065,-116.349804954,53.5937957405,-5.31304956993197
5066,-116.198689631,53.5954051506,-5.44418080838104
5067,-116.047560558,53.5968237425,-6.01067094700251
5068,-115.896419466,53.5980514796,-5.81413322384524
5069,-115.745268089,53.5990883305,-6.12494052098028
5070,-115.59410816,53.5999342685,-5.5480798437765
5112,-119.75036705,53.4389038291,-72.7305377088903
5113,-119.65562022,53.4228466484,-71.5582207313305
5114,-119.507471533,53.4263912585,-72.8446485321334
5115,-119.357356957,53.4319726384,-71.731178901349
5116,-119.207193039,53.4373656956,-8.60003911324604
5117,-119.056981454,53.4425702933,-10.1737271975636
5118,-118.906723877,53.4475862991,-9.94846111005924
5119,-118.756421989,53.4524135856,-10.1318620066852
5120,-118.606077473,53.45705203,-8.85479610306973
5121,-118.455692014,53.4615015141,-10.1644951010092
5122,-118.305267302,53.4657619247,-7.36285527063085
5123,-118.154805028,53.4698331532,-7.14899150896321
5124,-118.004306888,53.4737150959,-6.43426284253754
5125,-117.853774577,53.4774076538,-5.71009952766265
5126,-117.703209795,53.4809107326,-6.83358256449256
5127,-117.552614245,53.4842242431,-6.4853196459786
5128,-117.40198963,53.4873481005,-5.8581651130827
5129,-117.251337656,53.4902822251,-5.89943620727535
5130,-117.100660031,53.493026542,-6.32075418137347
5131,-116.949958465,53.4955809811,-6.27661489013439
5132,-116.79923467,53.4979454769,-5.93033576832373
5133,-116.648490358,53.5001199692,-5.96324046283423
5134,-116.497727244,53.5021044022,-6.57722779115785
5135,-116.346947044,53.5038987252,-6.75432490924326
5136,-116.196151476,53.5055028923,-6.59608447397164
5137,-116.045342257,53.5069168624,-6.57252473586714
5138,-115.894521107,53.5081405993,-6.4863469119634
5139,-115.743689746,53.5091740718,-6.18365637355787
5140,-115.592849895,53.5100172533,-6.07326901315218
5141,-115.442003275,53.5106701223,-6.09788513987395
5183,-119.633403169,53.3708412703,-72.6997960479244
5184,-119.486109176,53.3711360753,-71.5703408681836
5185,-119.329838757,53.3491432335,-8.70525132389013
5192,-118.298304862,53.37598745,-8.55703285401901
5193,-118.148158223,53.380045451,-8.81974469929319
5194,-117.997975976,53.3839147788,-8.55206093186871
5195,-117.847759804,53.3875953352,-5.69422744878755
5196,-117.697511396,53.3910870264,-5.05583259888382
5197,-117.54723244,53.3943897637,-5.36691564233472
5198,-117.396924629,53.3975034631,-6.52569158019453
5199,-117.246589656,53.4004280454,-7.04845466561889
5200,-117.096229217,53.403163436,-7.62816492566921
5201,-116.945845009,53.4057095653,-7.5855788645342
5202,-116.795438733,53.4080663684,-5.97212445426812
5203,-116.645012088,53.4102337853,-5.89400554794952
5204,-116.494566777,53.4122117608,-7.19790259995197
5205,-116.344104503,53.4140002444,-6.74578351156737
5206,-116.193626971,53.4155991905,-7.08354326769241
5207,-116.043135888,53.4170085583,-6.60264443109187
5208,-115.892632959,53.4182283119,-6.48214619619794
5209,-115.742119893,53.4192584202,-6.802727777565
5210,-115.591598398,53.4200988568,-6.18896109544838
5211,-115.441070183,53.4207496004,-5.80170488428968
5262,-118.291379713,53.2862109902,-9.11729412596766
5263,-118.141547028,53.290255819,-9.39481477290402
5264,-117.991678988,53.2941125847,-9.35171269462551
5265,-117.841777269,53.2977811897,-5.78463471903045
5266,-117.691843544,53.3012615409,-5.61904025584204
5267,-117.541879491,53.3045535502,-6.08953824803314
5268,-117.39188679,53.3076571341,-6.72066474205925
5269,-117.241867122,53.3105722139,-6.36199932033946
5270,-117.091822171,53.3132987156,-6.93950350110795
5271,-116.941753623,53.31583657,-5.9573636293178
5272,-116.791663165,53.3181857126,-6.14487715816784
5273,-116.641552484,53.3203460839,-7.09861361242297
5274,-116.491423272,53.3223176289,-7.74046629982779
5275,-116.341277219,53.3241002976,-6.66991306071017
5276,-116.191116019,53.3256940446,-7.02329431557842
5277,-116.040941363,53.3270988294,-6.55970798406941
5278,-115.890754949,53.3283146164,-6.4334338340772
5279,-115.740558469,53.3293413746,-6.40442504026401
5280,-115.590353622,53.3301790779,-5.99544712087389
5281,-115.440142103,53.330827705,-5.77467872177123
5335,-117.835826739,53.2079652195,-5.43503280631718
5336,-117.68620602,53.211434278,-7.34246686862779
5337,-117.53655519,53.214715604,-6.28465917410197
5338,-117.386875917,53.2178091146,-6.27602099151608
5339,-117.237169871,53.2207147316,-6.6742543644036
5340,-117.087438724,53.2234323815,-6.05273429612548
5341,-116.937684148,53.2259619955,-5.82543747613777
5342,-116.787907819,53.2283035097,-6.47841050282042
5343,-116.638111413,53.2304568647,-7.14603474732436
5344,-116.488296608,53.2324220062,-7.12071173935457
5345,-116.338465084,53.2341988842,-6.73357016139004
5346,-116.188618521,53.2357874539,-6.30590293013855
5347,-116.038758599,53.2371876749,-6.41557790803489
5348,-115.888887003,53.2383995118,-7.11895963075184
5349,-115.739005414,53.2394229339,-6.27996085070792
5350,-115.589115517,53.2402579153,-5.90941204562417
5351,-115.439218996,53.2409044347,-5.29377457530635
5352,-115.289317537,53.2413624759,-5.2506765280011
5406,-117.680598606,53.1216052394,-7.49604914535121
5407,-117.531259332,53.1248759266,-5.89361131434527
5408,-117.381891818,53.1279594057,-5.95855235891083
5409,-117.232497722,53.1308555993,-5.79835438526128
5410,-117.083078705,53.1335644342,-5.23035911725011
5411,-116.933636426,53.1360858421,-5.58447291079027
5412,-116.78417255,53.1384197596,-6.25083695191789
5413,-116.634688741,53.1405661277,-7.08701199103409
5414,-116.485186664,53.1425248922,-7.16256393660781
5415,-116.335667988,53.1442960037,-6.82348587298487
5416,-116.18613438,53.1458794176,-6.29991204630004
5417,-116.03658751,53.1472750938,-6.66198634651896
5418,-115.887029049,53.1484829972,-6.78422438709225
5419,-115.737460667,53.1495030971,-6.26366167791411
5420,-115.587884036,53.1503353679,-6.28558269826531
5421,-115.438300829,53.1509797885,-5.52811062305912
5423,-115.139121378,53.1517050188,-5.13804740923803
5476,-117.675021089,53.031774427,-10.4624945375332
5477,-117.525991714,53.0350345193,-9.35464503983098
5478,-117.376934301,53.0381080087,-5.43163455233023
5479,-117.227850496,53.0409948178,-6.12477713164392
5480,-117.078741946,53.0436948743,-6.7452063293659
5481,-116.929610302,53.0462081102,-6.62735250795976
5482,-116.780457214,53.0485344625,-5.48856809359141
5483,-116.631284336,53.0506738726,-6.4284237477415
5484,-116.482093321,53.0526262866,-6.81922853734228
5485,-116.332885824,53.0543916557,-6.88338326602887
5486,-116.183663502,53.0559699352,-6.22107780124025
5487,-116.034428013,53.0573610855,-6.02253105960926
5488,-115.885181016,53.0585650716,-6.19859970715809
5489,-115.735924168,53.0595818631,-6.64427331092621
5490,-115.586659131,53.0604114346,-6.16596293962852
5491,-115.437387564,53.0610537651,-5.7493486432039
5492,-115.28811113,53.0615088384,-5.08063271877335
5547,-117.520752135,52.9451913837,-10.2853873315909
5548,-117.372003176,52.9482549245,-7.16684867980829
5549,-117.223228014,52.951132388,-6.75606995836661
5550,-117.074428283,52.9538237024,-8.0517060838042
5551,-116.925605622,52.9563288001,-7.09902898289901
5552,-116.77676167,52.9586476184,-6.75672097710369
5553,-116.627898068,52.9607800993,-5.85230790523368
5554,-116.479016458,52.9627261892,-6.50634524561514
5555,-116.330118485,52.9644858394,-6.42578548839922
5556,-116.181205792,52.9660590058,-6.53481507383435
5557,-116.032280025,52.9674456489,-6.86143024111127
5558,-115.883342832,52.968645734,-6.04678927280697
5559,-115.734395859,52.9696592309,-6.65192671442176
5560,-115.585440755,52.9704861142,-6.08587784653199
5561,-115.436479168,52.9711263632,-6.36713517678898
5562,-115.287512748,52.9715799618,-6.24089585717392
5563,-115.138543144,52.9718468986,-6.28976443543229
5564,-114.989572005,52.971927167,-6.29815463968812
5566,-114.691631724,52.9715276948,-7.40690343163321
5618,-117.367098257,52.8584001542,-10.2156217691432
5619,-117.2186301,52.8612683107,-7.08122508013005
5620,-117.07013755,52.8639509189,-6.60937977211366
5621,-116.921622233,52.866447912,-6.06835455425777
5622,-116.773085775,52.8687592274,-6.50505248658375
5623,-116.624529808,52.8708848076,-6.03060717454424
5624,-116.47595596,52.8728245995,-6.14188945533509
5625,-116.327365865,52.8745785545,-6.72818184013601
5626,-116.178761155,52.8761466289,-6.57881460949028
5627,-116.030143465,52.8775287834,-6.40513046929909
5628,-115.881514428,52.8787249836,-6.33460994329147
5629,-115.732875682,52.8797351994,-6.15319220295602
5630,-115.584228862,52.8805594057,-6.25821650639525
5631,-115.435575606,52.8811975818,-5.92294200613388
5632,-115.28691755,52.8816497118,-6.19841260748094
5633,-115.138256333,52.8819157843,-6.67232368214805
5635,-114.840930967,52.8818897351,-6.88842721708658
5636,-114.692270094,52.881597614,-7.53967987583179
5637,-114.543612612,52.8811194368,-8.23280475558191
5689,-117.214056581,52.7714025867,-7.95051810125094
5690,-117.065869586,52.7740765246,-8.88989296130247
5691,-116.917659984,52.7765654462,-6.95365662140024
5692,-116.769429392,52.7788692896,-7.10523978369966
5693,-116.621179427,52.7809879975,-6.2397932017263
5694,-116.47291171,52.7829215172,-6.72843721161286
5695,-116.32462786,52.7846698005,-5.95357362376923
5696,-116.176329499,52.7862328038,-6.97700435188171
5697,-116.028018249,52.7876104882,-6.86625634000653
5698,-115.879695734,52.7888028194,-6.86910237569538
5699,-115.731363578,52.7898097676,-6.18954063946614
5700,-115.583023406,52.7906313079,-6.01486718027652
5701,-115.434676842,52.7912674196,-6.04646431725127
5702,-115.286325514,52.791718087,-5.99461105161068
5703,-115.137971046,52.7919832989,-6.60232036228839
5704,-114.989615066,52.7920630485,-6.57440121664633
5705,-114.8412592,52.7919573339,-6.60861746826947
5706,-114.692905074,52.7916661578,-7.52834724087416
5760,-117.061624227,52.6842005198,-9.13638225421878
5761,-116.913718725,52.686681403,-9.09066440074286
5762,-116.76579238,52.688977805,-9.0744874202518
5763,-116.6178468,52.6910896688,-8.09524267207381
5764,-116.469883593,52.693016942,-7.07357919661494
5765,-116.321904367,52.6947595767,-5.94430780317069
5766,-116.173910732,52.6963175297,-6.57728535472972
5767,-116.0259043,52.6976907623,-7.17409186169008
5768,-115.877886682,52.6988792404,-7.33827032363411
5769,-115.729859491,52.6998829345,-6.24105163606124
5770,-115.58182434,52.7007018197,-6.67125519044377
5771,-115.433782844,52.7013358756,-5.87326879292228
5772,-115.285736616,52.7017850864,-5.7075949922
5773,-115.137687272,52.702049441,-5.90716387228124
5774,-114.989636426,52.7021289329,-6.79907608071349
5775,-114.841585692,52.70202356,-6.32597891440066
5776,-114.693536687,52.701733325,-7.22688993218891
5831,-116.909798308,52.5967957828,-10.58521187042
5832,-116.762174604,52.5990847738,-9.12189228479565
5833,-116.614531801,52.6011898214,-7.51828179841341
5834,-116.466871494,52.6031108736,-7.49611773780452
5835,-116.319195282,52.6048478828,-6.02113174573064
5836,-116.171504763,52.6064008062,-6.21764514401122
5837,-116.023801536,52.6077696052,-6.41297749196708
5838,-115.876087202,52.6089542459,-6.72548053859291
5839,-115.728363363,52.6099546992,-7.24429131312814
5840,-115.580631621,52.6107709401,-6.86738061815655
5841,-115.432893577,52.6114029484,-5.84384258021111
5842,-115.285150836,52.6118507087,-5.90395962560557
5843,-115.137405,52.6121142096,-5.98769848513422
5844,-114.989657672,52.6121934448,-5.81255338807216
5845,-114.841910457,52.6120884122,-6.03913125655727
5846,-114.694164957,52.6117991144,-6.464888143824
5901,-116.905898586,52.5069085858,-8.63033824253673
5902,-116.758575928,52.5091901959,-10.5224006997729
5903,-116.611234305,52.511288455,-9.18920630056284
5904,-116.463875302,52.5132033116,-9.246414629745
5905,-116.316500504,52.5149347183,-7.2904707292986
5906,-116.169111501,52.5164826324,-5.71351077156031
5907,-116.021709879,52.5178470159,-5.54425101495981
5908,-115.874297228,52.5190278349,-5.60570691176955
5909,-115.726875139,52.5200250605,-6.35732925063485
5910,-115.579445202,52.5208386679,-6.0685814191416
5911,-115.432009009,52.5214686372,-5.63432040830542
5912,-115.28456815,52.5219149527,-5.7029692834687
5913,-115.137124219,52.5221776034,-5.67859637396171
5914,-114.989678806,52.5222565829,-5.72895952151437
5915,-114.842233505,52.5221518892,-6.51296041453245
5916,-114.694789908,52.5218635249,-6.4972145739519
5970,-117.049022204,52.4145628484,-9.51899947467373
5971,-116.902019414,52.4170198124,-9.86619871239126
5972,-116.754996218,52.4192940715,-10.4940929946993
5973,-116.60795419,52.4213855697,-10.7070596109266
5974,-116.460894903,52.4232942557,-7.36990849738253
5975,-116.313819933,52.4250200826,-6.25121009996894
5976,-116.166730857,52.4265630079,-5.64591464064673
5977,-116.019629251,52.4279229937,-5.89147945469796
5978,-115.872516693,52.4291000065,-6.68016359965931
5979,-115.725394763,52.4300940175,-5.64536807836798
5980,-115.578265041,52.4309050022,-6.45382883065439
5981,-115.431129105,52.4315329406,-5.82839201250845
5982,-115.283988538,52.4319778172,-5.21791182781403
5983,-115.136844919,52.4322396212,-5.39501843423209
6040,-117.044865691,52.3246804073,-8.17411088109253
6041,-116.898160648,52.3271294628,-10.3712987933468
6042,-116.751435341,52.3293964006,-10.4760853967626
6043,-116.604691334,52.3314811652,-10.7101245843832
6044,-116.457930188,52.3333837056,-7.96826834277278
6045,-116.311153469,52.3351039752,-5.54185341497166
6046,-116.164362742,52.3366419319,-7.66634248584703
6047,-116.017559574,52.3379975378,-5.83925150031553
6048,-115.87074553,52.3391707599,-6.83506517707714
6049,-115.72392218,52.3401615694,-6.0441506773326
6050,-115.577091092,52.3409699418,-5.36862826587013
6051,-115.430253834,52.3415958576,-5.57907026733153
6052,-115.283411976,52.3420393012,-5.54385197255927
6053,-115.136567089,52.3423002619,-5.22608040009991
6054,-114.989720741,52.3423787332,-4.22177824702786
6110,-117.040731002,52.2347963585,-8.12789541799534
6111,-116.894322144,52.2372375373,-72.7702828861727
6112,-116.747893165,52.2394971833,-10.5463186286433
6113,-116.601445615,52.2415752415,-9.2379577472524
6114,-116.454981047,52.2434716611,-7.07397709918579
6115,-116.308501014,52.2451863958,-7.93550051222037
6116,-116.16200707,52.2467194038,-8.0952019644208
6117,-116.015500772,52.2480706476,-5.98721992121966
6118,-115.868983674,52.2492400942,-6.77528119995466
6119,-115.722457335,52.250227715,-7.24024578015156
6120,-115.575923312,52.2510334859,-6.13086383254918
6121,-115.429383163,52.2516573871,-5.58695022135128
6122,-115.282838445,52.2520994035,-5.03500101774658
6123,-115.136290719,52.2523595243,-4.6475394333444
6124,-114.989741543,52.252437743,-5.4540929874701
6180,-117.036617985,52.1449107026,-7.38172024016532
6181,-116.890503763,52.1473440362,-8.56866303651218
6182,-116.74436956,52.1495964197,-9.7675020459535
6183,-116.598216915,52.1516677984,-8.74934726193631
6184,-116.45204737,52.1535581218,-6.58337246778319
6185,-116.305862468,52.1552673439,-9.67017646243092
6186,-116.159663753,52.1567954231,-9.28521111634399
6187,-116.013452768,52.1581423223,-7.07561693746999
6188,-115.86723106,52.1593080085,-6.38569280176093
6189,-115.721000175,52.1602924535,-7.26346366520806
6190,-115.574761659,52.1610956332,-6.20138997803504
6191,-115.428517059,52.1617175281,-4.83317340904029
6192,-115.282267923,52.162158123,-4.66743134593051
6193,-115.1360158,52.1624174072,-5.02007298857358
6194,-114.989762236,52.1624953743,-5.65875910067464
6195,-114.843508781,52.1623920226,-5.64811565613129
6251,-116.886705363,52.0574489598,-6.37727216971234
6252,-116.740864396,52.0596941099,-10.4819534218052
6253,-116.595005115,52.0617588358,-10.1305675714377
6254,-116.449129051,52.0636430874,-6.5248833674695
6255,-116.303237737,52.0653468189,-10.8217825685443
6256,-116.157332705,52.0668699892,-10.9340868859678
6257,-116.011415489,52.0682125611,-7.60591370462661
6258,-115.865487624,52.0693745021,-6.12544409451676
6259,-115.719550645,52.0703557839,-5.53087582779574
6260,-115.573606089,52.0711563829,-5.84999866437706
6261,-115.427655491,52.0717762794,-4.90440410200758
6262,-115.281700389,52.0722154585,-5.06159163664075
6263,-115.13574232,52.0724739095,-5.01105937796356
6264,-114.989782821,52.0725516261,-5.08456385057514
6265,-114.843823429,52.0724486065,-5.30984061333039
6322,-116.737377545,51.9697902539,-6.12471554148917
6323,-116.591810097,51.9718483536,-8.23496600159924
6324,-116.446225983,51.9737265576,-7.319734359676
6325,-116.300626723,51.9754248205,-10.8761716381332
6326,-116.15501384,51.9769431014,-10.7317156418946
6327,-116.009388859,51.9782813633,-9.28998763001854
6328,-115.863753302,51.979439574,-10.4881715168168
6329,-115.718108694,51.9804177054,-7.22312770152393
6330,-115.572456561,51.9812157338,-5.6777260004594
6331,-115.426798428,51.98183364,-5.69980594566078
6332,-115.281135822,51.982271409,-4.94635707780042
6333,-115.13547027,51.9825290301,-4.80416018892345
6334,-114.989803298,51.9826064972,-5.6696557580625
6335,-114.844136432,51.9825038083,-5.69223995389703
6336,-114.6984712,51.982220966,-5.95747210012146
6393,-116.588631746,51.8819363517,-8.89185771152597
6394,-116.443338059,51.8838085322,-9.63316840349117
6395,-116.298029332,51.8855013483,-9.8775084812886
6396,-116.152707076,51.8870147591,-11.0343837282876
6397,-116.007372804,51.8883487282,-10.6825051628802
6398,-115.86202803,51.8895032235,-9.27247317093506
6399,-115.716674267,51.890478217,-8.538321018092
6400,-115.571313032,51.8912736852,-8.45892362719608
6401,-115.425945838,51.8918896089,-5.60743587579819
6402,-115.280574202,51.8923259734,-6.10368043346919
6403,-115.13519964,51.8925827679,-4.87887160213265
6404,-114.989823668,51.8926599865,-4.89461026329069
6405,-114.844447802,51.8925576271,-5.62571536061554
6463,-116.583038832,51.7928456261,-7.33790220314953
6464,-116.440465177,51.7938890108,-10.2897678605157
6465,-116.29544547,51.7955764016,-10.7273664457301
6466,-116.150412327,51.7970849619,-9.80426861570772
6467,-116.005367252,51.7984146552,-10.7823549979521
6468,-115.860311746,51.7995654497,-10.6217695829603
6469,-115.715247314,51.8005373178,-7.51278209220263
6470,-115.570175461,51.8013302359,-6.77516987406156
6471,-115.425097691,51.8019441851,-6.26620211066205
6472,-115.280015509,51.8023791506,-4.78244291224723
6473,-115.13493042,51.8026351219,-4.83435560939757
6474,-114.989843932,51.8027120928,-5.29568485555177
6475,-114.844757549,51.8026100616,-5.11092330324911
6538,-115.858604389,51.709626252,-10.1090904092161
6539,-115.713827783,51.7105950069,-7.75418115171985
6540,-115.569043807,51.711385385,-6.35170453110006
6541,-115.424253955,51.7119973675,-5.85314636034385
6542,-115.279459721,51.7124309395,-4.83463589828391
6543,-115.134662601,51.7126860908,-5.05252539558396
6544,-114.98986409,51.7127628152,-5.5136032758154
6545,-114.845065684,51.7126611108,-5.50941120400757
6610,-115.56791803,51.6214391316,-9.57926316841545
6611,-115.4234146,51.6220491551,-5.78867018110771
6612,-115.27890682,51.6224813392,-4.48198312841128
6613,-115.134396172,51.6227356737,-4.83330115960909
6614,-114.989884144,51.6228121524,-5.79793254416144
6615,-114.84537222,51.6227107737,-5.71764407646728
6616,-114.700861885,51.6224315398,-5.78732537172757
6680,-115.566798088,51.5314914747,-9.02676783470811
6681,-115.422579597,51.5320995469,-7.56686731063099
6682,-115.278356784,51.5325303485,-5.59145201605043
6683,-115.134131125,51.5327838695,-5.29947220033678
6684,-114.989904094,51.5328601036,-6.14238343179617
6685,-114.845677166,51.5327590491,-5.60600422265307
6686,-114.701451817,51.5324807084,-5.32743998418308
6750,-115.565683943,51.4415424135,-10.3140145985579
6751,-115.421748915,51.442148542,-10.0083718280086
6752,-115.277809596,51.4425779666,-8.10637854128137
6753,-115.13386745,51.4428306771,-5.30473693692118
6754,-114.989923941,51.4429066675,-4.65833404032558
6755,-114.845980534,51.4428059361,-5.16070902039759
6756,-114.702038695,51.4425284851,-5.5708094800421
6820,-115.564575554,51.3515919469,-8.72221682410986
6821,-115.420922526,51.3521961394,-8.73645336469323
6822,-115.277265235,51.3526241923,-8.05254567110031
6823,-115.133605137,51.3528760956,-5.96342171224629
6824,-114.989943685,51.3529518433,-4.50422417012716
6825,-114.846282335,51.3528514336,-5.42452588664349
6826,-114.702622542,51.3525748689,-5.43030133278228
6891,-115.420100399,51.2622423381,-7.30948189125919
6892,-115.276723683,51.2626690247,-8.27116335774119
6893,-115.133344177,51.2629201239,-6.23297215271233
6894,-114.989963327,51.2629956298,-4.65824902314253
6895,-114.846582578,51.2628955406,-4.42910800081129
6896,-114.703203376,51.2626198587,-4.60222150593186
6961,-115.419282507,51.1722871372,-5.34803201820429
6962,-115.276184919,51.1727124628,-9.55577927058783
6963,-115.133084561,51.172962761,-6.67281939685948
6964,-114.989982868,51.1730380261,-3.8314896282883
6965,-114.846881276,51.1729382562,-2.99484522805796
6966,-114.703781219,51.1726634537,-4.72842517126944
6967,-114.560684134,51.172213625,-5.36301613237589
7031,-115.418468819,51.0823305359,-6.05298506654199
7032,-115.275648925,51.0827545057,-5.72310346081068
7033,-115.13282628,51.083004006,-3.96862304147846
7034,-114.990002309,51.0830790312,-3.69472083125334
7035,-114.847178437,51.0829795793,-4.43023000338911
7036,-114.704356091,51.0827056528,-4.71973313789813
7101,-115.417659309,50.9923725331,-6.46903987659235
7102,-115.275115683,50.9927951523,-6.39405372200738
7103,-115.132569325,50.9930438579,-6.41591221341125
7104,-114.99002165,50.993118644,-4.88358499613067
7105,-114.847474073,50.993019509,-5.04971311733703
7106,-114.704928012,50.992746455,-5.07794691092326
7171,-115.416853947,50.9024131279,-8.05510490663081
7172,-115.274585174,50.9028344018,-7.96059265305515
7173,-115.132313687,50.9030823157,-4.65448783708014
7174,-114.990040891,50.9031568637,-8.16778803078165
7175,-114.847768194,50.9030580443,-5.93403059545129
7176,-114.705497002,50.9027858596,-4.35968022371906
7177,-114.563228721,50.902340316,-4.68623433196723
7241,-115.415977922,50.8124988151,-8.36646593438659
7242,-115.27405738,50.8128722533,-7.58722654236194
7243,-115.132059357,50.8131193784,-6.62270529877572
7244,-114.990060034,50.8131936893,-7.12330585592271
7245,-114.84806081,50.8130951842,-5.14679695193089
7246,-114.70606308,50.8128238654,-5.43449707441789
7247,-114.564068243,50.8123797393,-5.08528473880948
7311,-115.3955994,50.7441960346,-8.99738926436724
7312,-115.265252051,50.726904539,-7.93054843563007
7313,-115.131806326,50.7231550452,-4.97861546148497
7314,-114.99007908,50.7232291198,-6.62058168933457
7315,-114.848351931,50.7231309279,-6.62845859852784
7316,-114.706626267,50.7228604718,-6.51353530807694
7317,-114.564903475,50.7224177576,-5.34498545513447
7318,-114.423184944,50.7218027957,-5.46510797071618
7382,-115.246255931,50.6346328603,-9.91480258322987
7383,-115.131554586,50.6331893151,-4.86033694202447
7384,-114.990098028,50.6332631544,-6.73266925035783
7385,-114.848641567,50.6331652745,-70.561172978246
7386,-114.707186581,50.6328956776,-5.74719294605824
7387,-114.565734448,50.6324543701,-6.15314383769807
7388,-114.424286547,50.6318413621,-5.62355235364901
7452,-115.21768149,50.5626338961,-72.5571527364371
7453,-115.156379004,50.5742520744,-8.5149780380393
7454,-114.962661676,50.5528046395,-6.31674553647111
7455,-114.848929728,50.543198223,-6.42438561134661
7456,-114.707744041,50.5429294822,-8.28707167333217
7457,-114.566561189,50.542489576,-6.40823247696965
7458,-114.42538254,50.5418785144,-5.73775435135233
7524,-114.930768766,50.4859433038,-72.1042262261047
7525,-114.841286569,50.4578277785,-6.4664876944989
7526,-114.708298667,50.4529618846,-6.08788008972544
7527,-114.567383726,50.4525233743,-6.78020266066459
7528,-114.426472961,50.4519142519,-5.41761468832506
7595,-114.80814558,50.3834482769,-9.22802632543901
7596,-114.707996882,50.363114864,-5.53371717332525
7597,-114.568202088,50.3625557644,-5.26656426480717
7598,-114.427557846,50.3619485738,-6.15483492847534
7599,-114.286919103,50.3611713259,-6.38871336546973
7665,-114.78123318,50.3098577341,-72.0702446944099
7666,-114.702073383,50.2735796193,-6.06780483514666
7667,-114.569016302,50.2725867454,-5.40000571385555
7668,-114.428637233,50.2719814793,-6.94668908737993
7669,-114.288263626,50.2712066949,-6.61242043063858
7670,-114.147896824,50.2702624098,-7.22304569548654
7671,-114.007538166,50.2691486457,-7.6196946704746
7736,-114.687029542,50.1849207533,-6.48512541229487
7737,-114.569826395,50.1826163165,-5.62776008762933
7738,-114.429711157,50.1820129677,-5.91690694659067
7739,-114.289601346,50.1812406375,-7.36372671841044
7740,-114.149498294,50.1802993436,-6.60624937053702
7741,-114.009403333,50.1791891072,-7.75007437579505
7806,-114.676444932,50.1021345959,-6.92204268567131
7807,-114.570632394,50.0926444769,-6.48996549855018
7808,-114.430779655,50.0920430383,-6.20954939518313
7809,-114.290932306,50.0912731533,-6.45641728407429
7810,-114.151091672,50.0903348392,-6.23497954747532
7811,-114.011259076,50.0892281174,-8.23667659956355
7812,-113.871435842,50.0879530131,-11.2387110604121
7876,-114.653802032,50.0039331862,-70.8395913412814
7877,-114.571434327,50.0026712259,-6.05527232709509
7878,-114.431842762,50.0020716904,-5.61158768595299
7879,-114.292256552,50.0013042414,-8.67583373372768
7880,-114.152677012,50.0003688961,-6.49864573363722
7881,-114.013105458,49.9992656759,-9.83012239352301
7882,-113.873543204,49.9979946057,-10.7251398634944
7946,-114.664399798,49.9156189253,-6.46775067944896
7947,-114.57223222,49.9126965627,-4.99836932444293
7948,-114.432900513,49.9120989232,-5.13948653019221
7949,-114.293574127,49.9113339012,-7.35352547800278
7950,-114.154254367,49.9104015138,-7.13039721970001
7951,-114.014942541,49.9093017822,-6.85342610526046
7952,-113.875639953,49.908034731,-10.8827381020089
8016,-114.651284709,49.8522727973,-8.10665121175504
8017,-114.572587637,49.8228977644,-5.25877453738314
8018,-114.433952944,49.8221247362,-5.47471135787641
8019,-114.294885075,49.8213621322,-6.11063381968356
8020,-114.155823788,49.8204326917,-8.87867714497397
8021,-114.016770384,49.8193364357,-7.18852503486004
8022,-113.877726158,49.8180733889,-8.78473383426081
8087,-114.572910113,49.7327799046,-6.30988790085512
8088,-114.43500009,49.7321491285,-5.27244615319117
8089,-114.296189438,49.7313889336,-5.55147789086267
8091,-114.018589048,49.7293696361,-6.79851087735883
8092,-113.879801887,49.7281105788,-10.4049534295583
8156,-114.682511593,49.6269116439,-4.62735887886453
8157,-114.574601923,49.6427640928,-3.65294133528112
8158,-114.436041984,49.6421720996,-3.73317748745518
8159,-114.297487261,49.641414305,-5.76098390649569
8161,-114.020398593,49.639401383,-9.22198990272183
8226,-114.684402442,49.576321419,-5.93733900012703
8227,-114.564504341,49.5597298746,-7.57185268261588
8228,-114.43707866,49.5521936489,-4.3697334040321
8229,-114.298778586,49.5514382457,-4.19510977941461
8297,-114.552499039,49.4620771925,-5.64099645886565
8298,-114.438110154,49.4622137755,-4.50726710484194
8299,-114.300063453,49.4614607552,-4.78280143423137
8300,-114.162023168,49.4605429946,-5.27525888185866
8367,-114.544357998,49.3953800635,-6.30868446734849
8368,-114.436190037,49.3739229127,-5.88068272631115
8369,-114.301341906,49.3714818328,-4.69076473984634
8370,-114.16355369,49.3705669656,-5.38504165300301
8371,-114.025773102,49.3694878978,-6.3516577266039
8438,-114.415281791,49.2935269179,-6.30365142773343
8439,-114.302613986,49.2815014781,-6.61861476371265
8440,-114.165076581,49.2805894938,-8.30073621668116
8441,-114.027546757,49.2795138262,-5.761637903728
8508,-114.385962817,49.2217066262,-9.30214297103235
8509,-114.297659151,49.2124829583,-6.97343382404814
8510,-114.159201979,49.196238062,-6.81566064897349
8511,-114.029311583,49.189538299,-7.438021528377
8512,-113.892040047,49.188302875,-6.97159774127767
8584,-113.620028759,49.0953789307,-8.70375917712567
8654,-113.622483843,49.0241331322,-8.6824273837848
